STT,Category,Icon Name,Keywords,Library,Import Code,Usage,Best For,Style,Size (px),Color Context,Animation,Aria Label,Paired With,Alt Icons
1,Navigation,menu,hamburger menu navigation toggle bars sidebar drawer mobile-nav three-lines collapse expand responsive,Lucide,import { Menu } from 'lucide-react',<Menu />,Mobile nav drawer toggle. Responsive sidebar trigger. Top-left convention.,Outline → Filled on open,24,text-primary | active: text-brand,Morph to X on open (300ms spring). Bars stagger slide-in.,Toggle navigation menu,"x, sidebar, panel-left","AlignJustify, MenuSquare"
2,Navigation,arrow-left,back previous return navigate go-back breadcrumb history,Lucide,import { ArrowLeft } from 'lucide-react',<ArrowLeft />,Back button. Breadcrumb navigation. History return.,Outline,20-24,text-primary | hover: text-brand,Slide left 4px on hover (200ms). Fade-in on mount.,Go back,"arrow-right, chevron-left","ChevronLeft, Undo2, MoveLeft"
3,Navigation,arrow-right,next forward continue navigate proceed cta-arrow,Lucide,import { ArrowRight } from 'lucide-react',<ArrowRight />,Forward/next step CTA. Continue action. Pagination.,Outline,20-24,text-primary | CTA: text-on-brand,Slide right 4px on hover (200ms). Bounce on CTA.,Go forward,"arrow-left, chevron-right","ChevronRight, MoveRight"
4,Navigation,chevron-down,dropdown expand accordion select caret open reveal,Lucide,import { ChevronDown } from 'lucide-react',<ChevronDown />,Dropdown toggle. Accordion header. Select menu indicator.,Outline,16-20,text-secondary | active: text-primary,Rotate 180° to chevron-up (200ms ease). Smooth flip.,Expand menu,"chevron-up, list","ChevronUp, ChevronsDown"
5,Navigation,chevron-up,collapse close accordion minimize fold hide,Lucide,import { ChevronUp } from 'lucide-react',<ChevronUp />,Accordion collapse. Scroll-to-top indicator. Minimize section.,Outline,16-20,text-secondary | active: text-primary,Rotate 180° to chevron-down (200ms ease).,Collapse section,"chevron-down, minus","ChevronDown, ChevronsUp"
6,Navigation,home,homepage main dashboard start landing index,Lucide,import { Home } from 'lucide-react',<Home />,Home navigation. Main landing. Dashboard entry.,Outline → Filled active,20-24,text-primary | active: text-brand,Scale 1→1.1 on active (200ms spring). Subtle bounce.,Go to home page,"layout-dashboard, compass","House, LayoutDashboard"
7,Navigation,x,close cancel dismiss remove exit clear modal-close,Lucide,import { X } from 'lucide-react',<X />,Modal close. Dismiss notification. Clear input. Cancel action.,Outline,16-20,text-secondary | hover: text-error,Rotate 90° on hover (200ms). Scale 0→1 on mount.,Close,"menu, minus, trash-2","XCircle, XOctagon"
8,Navigation,external-link,open new-tab external link outbound redirect,Lucide,import { ExternalLink } from 'lucide-react',<ExternalLink />,External link indicator. Opens in new tab. Outbound URL.,Outline,14-16,text-muted | hover: text-brand,Arrow lifts 2px diagonally on hover (150ms).,Open in new tab,"link, share","ArrowUpRight, ExternalLink"
9,Navigation,chevron-left,back previous navigate panel-collapse,Lucide,import { ChevronLeft } from 'lucide-react',<ChevronLeft />,Panel collapse trigger. Back navigation. Carousel prev.,Outline,16-20,text-secondary,Slide left 2px on hover (150ms).,Go back,"chevron-right, arrow-left","ArrowLeft, ChevronLeft"
10,Navigation,chevron-right,forward next navigate panel-expand,Lucide,import { ChevronRight } from 'lucide-react',<ChevronRight />,Panel expand trigger. Forward nav. Carousel next.,Outline,16-20,text-secondary,Slide right 2px on hover (150ms).,Go forward,"chevron-left, arrow-right","ArrowRight, ChevronRight"
11,Action,plus,add create new insert append,Lucide,import { Plus } from 'lucide-react',<Plus />,Add new item. Create action. FAB icon. Insert content.,Outline → Filled in FAB,20-24,text-on-brand in FAB | text-brand inline,Rotate 45° to X on add-complete (300ms). Scale pop on FAB.,Add new item,"minus, x, plus-circle","PlusCircle, Plus, FilePlus"
12,Action,minus,remove subtract decrease delete reduce,Lucide,import { Minus } from 'lucide-react',<Minus />,Remove item. Quantity decrease. Collapse section.,Outline,16-20,text-secondary | destructive: text-error,Scale 1→0.9 on click (100ms). Fade out removed item.,Remove item,"plus, trash-2","MinusCircle, Minus"
13,Action,trash-2,delete remove discard bin destroy purge,Lucide,import { Trash2 } from 'lucide-react',<Trash2 />,Delete action. Destructive operation. Clear all.,Outline → Filled on hover,18-20,text-error | hover: bg-error/10,Shake horizontal 3px on hover (300ms). Lid lifts on hover.,Delete item,"undo, rotate-ccw","Trash, Delete, Eraser"
14,Action,edit,pencil modify change update write compose,Lucide,import { Edit } from 'lucide-react',<Edit />,Edit content. Modify item. Inline edit trigger.,Outline,16-18,text-brand | active: text-on-brand,Pencil tip draws small line on hover (200ms).,Edit,"save, check, x","Pencil, PenLine, PenTool"
15,Action,save,disk store persist save commit apply,Lucide,import { Save } from 'lucide-react',<Save />,Save changes. Persist data. Apply settings.,Outline → Filled on save,18-20,text-brand | saving: text-muted animate-pulse,Check mark overlay on success (300ms). Pulse while saving.,Save changes,"edit, check","Download, CheckCircle"
16,Action,download,export save-file download-file get fetch,Lucide,import { Download } from 'lucide-react',<Download />,Download file. Export data. Get asset.,Outline,18-20,text-brand | active: text-success,Arrow drops down 4px on click (200ms). Bounce at bottom.,Download file,"upload, file","ArrowDown, FileDown"
17,Action,upload,import file-upload attach select drop-zone,Lucide,import { Upload } from 'lucide-react',<Upload />,Upload file. Import data. Attach document.,Outline,18-20,text-brand | drag-active: text-success,Arrow lifts up 4px on hover (200ms). Pulse in drop zone.,Upload file,"download, paperclip","ArrowUp, FileUp"
18,Action,copy,duplicate clipboard paste clone replicate,Lucide,import { Copy } from 'lucide-react',<Copy />,Copy to clipboard. Duplicate item. Clone content.,Outline,16-18,text-secondary | copied: text-success,Morph to check on success (300ms). Reset after 2s.,Copy to clipboard,"clipboard, check","ClipboardCopy, Files"
19,Action,share,social distribute send forward viral,Lucide,import { Share } from 'lucide-react',<Share />,Share content. Social distribution. Send to others.,Outline,18-20,text-brand,Arrow lifts up-right 3px on hover (200ms). Ripple on share.,Share,"mail, send, link","Share2, Forward, Send"
20,Action,search,find lookup filter query discover explore,Lucide,import { Search } from 'lucide-react',<Search />,Search input. Find content. Global search bar.,Outline,18-20,text-muted → text-primary on focus,Scale 1→1.05 on focus (150ms). Glass magnifies on hover.,Search,"filter, x, command","SearchCheck, ScanSearch"
21,Action,filter,sort refine narrow options funnel,Lucide,import { Filter } from 'lucide-react',<Filter />,Filter dropdown. Refine results. Sort options.,Outline → Filled when active,16-18,text-secondary | active: text-brand + badge,Fill animation top→bottom (200ms). Badge count pop-in.,Filter results,"search, sort-asc, x","ListFilter, SlidersHorizontal"
22,Action,settings,gear cog preferences config options admin,Lucide,import { Settings } from 'lucide-react',<Settings />,Settings page. Configuration panel. Admin preferences.,Outline,20-24,text-secondary | hover: text-primary,Rotate 90° on hover (400ms ease). Slow continuous in loading.,Settings,"sliders, user, lock","Cog, SlidersHorizontal, Wrench"
23,Action,more-horizontal,overflow menu options kebab actions context,Lucide,import { MoreHorizontal } from 'lucide-react',<MoreHorizontal />,Overflow menu trigger. More actions. Context menu.,Outline,18-20,text-secondary | active: text-primary,Scale 1→1.1 on hover (150ms). Dots pulse on open.,More options,"more-vertical, menu","MoreVertical, Ellipsis"
24,Action,refresh-cw,reload sync update refresh retry,Lucide,import { RefreshCw } from 'lucide-react',<RefreshCw />,Refresh content. Sync data. Retry action.,Outline,18-20,text-secondary | refreshing: text-brand,Rotate 360° on refresh (800ms). Continuous spin while loading.,Refresh,"loader, rotate-ccw","RefreshCcw, RotateCw"
25,Status,check,success done complete verified tick approve,Lucide,import { Check } from 'lucide-react',<Check />,Success state. Task complete. Approval indicator.,Outline → Bold on confirm,16-20,text-success | on-success-bg: text-on-success,Draw stroke L→R (200ms ease-out). Pop scale 0.8→1.,Task complete,"check-circle, x","CheckCircle, CheckCheck"
26,Status,check-circle,success verified approved complete badge,Lucide,import { CheckCircle } from 'lucide-react',<CheckCircle />,Success badge. Verification complete. Approved state.,Filled circle + check,20-24,text-success | bg-success/10 rounded-full,Circle draws then check draws inside (400ms). Confetti optional.,Verified / approved,"x-circle, alert-circle, shield-check","CheckCircle2, BadgeCheck"
27,Status,x-circle,error failed cancel rejected invalid,Lucide,import { XCircle } from 'lucide-react',<XCircle />,Error state. Failed action. Rejected/invalid.,Filled circle + X,20-24,text-error | bg-error/10 rounded-full,Shake 3px horizontal (300ms). Fade-in on error.,Error,"check-circle, alert-triangle","Ban, CircleOff"
28,Status,alert-triangle,warning caution attention danger risk,Lucide,import { AlertTriangle } from 'lucide-react',<AlertTriangle />,Warning message. Caution alert. Risk indicator.,Outline → Filled critical,20-24,text-warning | bg-warning/10,Bounce once on mount (300ms). Pulse for critical.,Warning,"alert-circle, info, shield-alert","TriangleAlert, OctagonAlert"
29,Status,alert-circle,info notice information help attention,Lucide,import { AlertCircle } from 'lucide-react',<AlertCircle />,Info notice. Help indicator. Attention needed.,Outline,20-24,text-info | bg-info/10,Fade-in scale 0.9→1 (200ms).,Information,"info, alert-triangle, help-circle","Info, CircleAlert"
30,Status,info,information help tooltip details about,Lucide,import { Info } from 'lucide-react',<Info />,Tooltip trigger. Help icon. About/details link.,Outline,14-16,text-muted | hover: text-info,Gentle wobble on hover (200ms). Tooltip fade-in.,More information,"help-circle, alert-circle","HelpCircle, CircleHelp"
31,Status,loader,loading spinner processing wait busy,Lucide,import { Loader } from 'lucide-react',<Loader className="animate-spin" />,Loading spinner. Processing state. Wait indicator.,Outline animated,20-24,text-brand animate-spin,Continuous spin 1s linear infinite. Fade-in on mount.,Loading,"loader-2, refresh-cw","Loader2, LoaderCircle"
32,Status,clock,time schedule pending wait duration,Lucide,import { Clock } from 'lucide-react',<Clock />,Time indicator. Schedule marker. Pending state.,Outline,16-18,text-muted | pending: text-warning,Minute hand ticks on hover (300ms). Pulse when pending.,Pending / scheduled,"calendar, timer, hourglass","Timer, Hourglass, ClockAlert"
33,Status,badge-check,verified premium certified trusted authentic,Lucide,import { BadgeCheck } from 'lucide-react',<BadgeCheck />,Verified badge. Premium certification. Trust indicator.,Filled,16-20,text-brand | premium: text-gold,Pop scale 0→1 on verify (300ms spring). Glow pulse premium.,Verified,"shield-check, check-circle","ShieldCheck, Award, Medal"
34,Communication,mail,email message inbox letter envelope contact,Lucide,import { Mail } from 'lucide-react',<Mail />,Email contact. Inbox navigation. Message indicator.,Outline → Filled unread,20-24,text-primary | unread: text-brand + dot,Envelope open on hover (300ms). Dot badge bounce for unread.,Email,"message-circle, send, inbox","Inbox, MailPlus, AtSign"
35,Communication,message-circle,chat comment bubble conversation discuss,Lucide,import { MessageCircle } from 'lucide-react',<MessageCircle />,Chat bubble. Comment section. Conversation thread.,Outline → Filled with msg,20-24,text-primary | unread: text-brand,Typing dots animation in bubble (600ms loop). Pop-in for new msg.,Chat message,"mail, send, message-square","MessageSquare, MessagesSquare"
36,Communication,phone,call mobile telephone contact dial,Lucide,import { Phone } from 'lucide-react',<Phone />,Phone contact. Call action. Dial button.,Outline → Filled active,20-24,text-primary | calling: text-success,Ring vibrate (shake 2px 200ms×3). Pulse when calling.,Phone call,"mail, video","PhoneCall, PhoneIncoming"
37,Communication,send,submit dispatch message airplane post,Lucide,import { Send } from 'lucide-react',<Send />,Send message. Submit form. Post content.,Outline → Filled on send,18-20,text-brand | sending: text-muted,Fly up-right 8px + fade (300ms). Reset after 500ms.,Send message,"mail, message-circle","SendHorizontal, ArrowUpRight"
38,Communication,bell,notification alert ring reminder push,Lucide,import { Bell } from 'lucide-react',<Bell />,Notification bell. Alert indicator. Push notification.,Outline → Filled unread,20-24,text-primary | unread: text-brand + red dot,Ring swing 15° oscillation (400ms). Dot badge pop-in.,Notifications,"bell-off, bell-ring","BellRing, BellDot, BellOff"
39,Communication,bell-dot,notification-unread alert-badge new-notification active-bell,Lucide,import { BellDot } from 'lucide-react',<BellDot />,Active notification. Unread alert with dot indicator.,Outline + dot,20-24,text-primary | dot: bg-error,Ring swing + dot pulse (400ms). Dot scales 0→1.,New notifications,"bell, bell-off","Bell, BellRing"
40,User,user,profile account person avatar identity me,Lucide,import { User } from 'lucide-react',<User />,User profile. Account avatar. Identity indicator.,Outline → Avatar overlay,24-32,text-secondary | active: text-brand,Fade-in scale on mount. Hover: subtle lift 1px.,User profile,"users, user-plus, settings","UserCircle, CircleUser"
41,User,users,team group people members collaboration,Lucide,import { Users } from 'lucide-react',<Users />,Team listing. Group members. Collaboration indicator.,Outline,20-24,text-secondary | active: text-brand,Stagger fade-in L→R (200ms per). Count badge pop.,Team members,"user, user-plus","UsersRound, Group"
42,User,user-plus,add-user invite new-member register sign-up,Lucide,import { UserPlus } from 'lucide-react',<UserPlus />,Invite user. Add team member. Sign-up action.,Outline,20-24,text-brand,Plus sign pops in (200ms spring). Confetti on success.,Invite user,"user-minus, users, mail","UserRoundPlus, PersonStanding"
43,User,log-in,signin authenticate enter access login,Lucide,import { LogIn } from 'lucide-react',<LogIn />,Login action. Sign-in button. Authentication entry.,Outline,20-24,text-brand,Arrow slides right into door (300ms).,Sign in,"log-out, key, lock","DoorOpen, ArrowRightToLine"
44,User,log-out,signout exit leave logout disconnect,Lucide,import { LogOut } from 'lucide-react',<LogOut />,Logout action. Sign-out. End session.,Outline,20-24,text-secondary | hover: text-error,Arrow slides left out of door (300ms).,Sign out,"log-in, x","DoorClosed, ArrowLeftFromLine"
45,Media,image,photo picture gallery thumbnail upload-image,Lucide,import { Image } from 'lucide-react',<Image />,Image display. Photo gallery. Upload image placeholder.,Outline,20-24,text-secondary,Fade-in with subtle scale 0.95→1 (300ms).,Image,"camera, video","ImagePlus, FileImage, Image"
46,Media,video,movie film play record stream camera,Lucide,import { Video } from 'lucide-react',<Video />,Video player. Live stream. Record action.,Outline → Filled recording,20-24,text-primary | recording: text-error,Red dot pulse when recording. Lens focus on hover.,Video,"play, pause, camera","VideoOff, MonitorPlay"
47,Media,play,start video audio media begin resume,Lucide,import { Play } from 'lucide-react',<Play />,Play button. Start media. Resume playback.,Filled,24-48,text-on-brand in circle bg,Scale 0.9→1 on hover (150ms). Morph to pause on play.,Play media,"pause, square","PlayCircle, CirclePlay"
48,Media,pause,stop halt video audio break hold,Lucide,import { Pause } from 'lucide-react',<Pause />,Pause media. Hold playback. Break.,Filled,24-48,text-on-brand in circle bg,Morph from play triangle (200ms). Bars slide in.,Pause media,"play, square","PauseCircle, CirclePause"
49,Media,volume-2,sound audio speaker music volume-on,Lucide,import { Volume2 } from 'lucide-react',<Volume2 />,Volume control. Audio indicator. Sound on.,Outline,18-20,text-primary,Sound waves pulse outward (400ms). Morph to volume-x on mute.,Volume,"volume-x, volume-1","VolumeX, Volume1, Volume"
50,Media,mic,microphone record voice audio podcast input,Lucide,import { Mic } from 'lucide-react',<Mic />,Voice input. Microphone recording. Podcast record.,Outline → Filled recording,20-24,text-primary | recording: text-error pulse,Pulse scale when recording. Sound wave emanate on hover.,Microphone,"mic-off, volume-2","MicOff, AudioLines"
51,Media,camera,photo capture snapshot picture shoot,Lucide,import { Camera } from 'lucide-react',<Camera />,Camera capture. Take photo. Snapshot action.,Outline,20-24,text-primary | capturing: flash-white,Shutter click flash effect (100ms white overlay).,Camera,"image, video","CameraOff, Aperture"
52,Commerce,shopping-cart,cart checkout basket buy purchase order,Lucide,import { ShoppingCart } from 'lucide-react',<ShoppingCart />,Shopping cart. Checkout trigger. Add-to-cart.,Outline → Badge count,24,text-primary | items: badge-brand,Item count badge bounces in. Cart shakes on add item (200ms).,Shopping cart,"shopping-bag, credit-card","ShoppingBag, Package"
53,Commerce,shopping-bag,purchase buy store bag order receipt,Lucide,import { ShoppingBag } from 'lucide-react',<ShoppingBag />,Purchase complete. Store bag. Order placed.,Outline → Filled purchased,20-24,text-primary | purchased: text-success,Bag fills from bottom on purchase (300ms).,Shopping bag,"shopping-cart, package","Package, Store"
54,Commerce,credit-card,payment card checkout stripe billing,Lucide,import { CreditCard } from 'lucide-react',<CreditCard />,Payment method. Card input. Billing section.,Outline,20-24,text-primary,Card slides in from bottom (200ms). Flip on success.,Payment method,"dollar-sign, wallet","Wallet, Banknote"
55,Commerce,dollar-sign,money price currency cost revenue income,Lucide,import { DollarSign } from 'lucide-react',<DollarSign />,Price display. Revenue metric. Currency indicator.,Outline,16-20,text-success | loss: text-error,Subtle scale on value change (150ms). Green/red flash on change.,Price / currency,"credit-card, trending-up","Coins, CircleDollarSign"
56,Commerce,tag,label price discount sale badge category,Lucide,import { Tag } from 'lucide-react',<Tag />,Price tag. Label. Category badge. Sale indicator.,Outline,16-18,text-secondary | sale: text-error,Swing from corner on mount (300ms). Pop-in for new tags.,Price tag,"tags, percent","Tags, Ticket, Label"
57,Commerce,gift,present reward bonus offer referral,Lucide,import { Gift } from 'lucide-react',<Gift />,Gift/reward. Referral bonus. Special offer.,Outline → Filled on reward,20-24,text-warning | reward: text-gold,Bow bounces on hover (300ms). Unwrap animation on claim.,Gift / reward,"percent, star","PartyPopper, Award"
58,Commerce,percent,discount sale offer promo coupon,Lucide,import { Percent } from 'lucide-react',<Percent />,Discount indicator. Sale percentage. Promo code.,Outline,16-18,text-error sale | text-success savings,Scale pop on new discount (200ms). Flash on apply.,Discount,"tag, gift","BadgePercent, Tags"
59,Commerce,wallet,balance account payment crypto money,Lucide,import { Wallet } from 'lucide-react',<Wallet />,Digital wallet. Account balance. Payment method.,Outline,20-24,text-primary | active: text-brand,Open flap on hover (200ms). Coin slide in on deposit.,Wallet,"credit-card, dollar-sign","Coins, Banknote"
60,Data,bar-chart,analytics statistics graph metrics report,Lucide,import { BarChart } from 'lucide-react',<BarChart />,Bar chart. Analytics section. Statistics overview.,Outline,20-24,text-brand | dashboard: text-secondary,Bars grow from bottom stagger 100ms. Hover: bar highlights.,Analytics,"pie-chart, trending-up","BarChart2, BarChart3"
61,Data,pie-chart,statistics distribution breakdown composition,Lucide,import { PieChart } from 'lucide-react',<PieChart />,Distribution chart. Composition breakdown. Statistics.,Outline,20-24,text-brand,Slices fan from center (400ms). Hover: slice lifts.,Distribution,"bar-chart, donut","ChartPie, CircleDot"
62,Data,trending-up,growth increase positive trend rise success,Lucide,import { TrendingUp } from 'lucide-react',<TrendingUp />,Growth indicator. Positive trend. Revenue increase.,Outline,18-20,text-success,Line draws L→R (300ms). Arrow head pops at end.,Trending up,"trending-down, bar-chart","ArrowUpRight, TrendingUp"
63,Data,trending-down,decline decrease negative trend drop loss,Lucide,import { TrendingDown } from 'lucide-react',<TrendingDown />,Decline indicator. Negative trend. Revenue drop.,Outline,18-20,text-error,Line draws L→R downward (300ms). Subtle red flash.,Trending down,"trending-up, bar-chart","ArrowDownRight, TrendingDown"
64,Data,activity,pulse heartbeat monitor live health vitals,Lucide,import { Activity } from 'lucide-react',<Activity />,Activity monitor. Live pulse. Health vital. System heartbeat.,Outline,20-24,text-brand | critical: text-error,Continuous pulse trace animation (1s loop). Flatline on disconnect.,Activity monitor,"heart, bar-chart","HeartPulse, AudioLines"
65,Data,database,storage server data backend collection,Lucide,import { Database } from 'lucide-react',<Database />,Database indicator. Storage section. Data backend.,Outline,20-24,text-secondary | active: text-brand,Stack layers slide in top→bottom (300ms stagger).,Database,"server, hard-drive","HardDrive, Server, Cylinder"
66,Data,line-chart,trend graph time-series chart sparkline,Lucide,import { LineChart } from 'lucide-react',<LineChart />,Trend visualization. Time-series chart. Metrics line graph.,Outline,20-24,text-brand,Line draws L→R (400ms).,Line chart,"bar-chart, trending-up","BarChart, TrendingUp"
67,Files,file,document page paper doc generic,Lucide,import { File } from 'lucide-react',<File />,Generic file. Document page. File browser item.,Outline,18-20,text-secondary,Fade-in scale 0.95→1 (150ms). Corner fold animates.,File,"file-text, folder","FileText, FilePlus"
68,Files,file-text,document text page article readme,Lucide,import { FileText } from 'lucide-react',<FileText />,Text document. Article. README file.,Outline,18-20,text-secondary,Lines appear L→R stagger (200ms).,Text document,"file, folder, book","File, FileCode, BookOpen"
69,Files,folder,directory organize group files container,Lucide,import { Folder } from 'lucide-react',<Folder />,Directory. File group container. Organization.,Outline → Filled with content,18-20,text-warning | empty: text-muted,Open flap on expand (200ms).,Folder,"folder-open, file","FolderOpen, FolderPlus"
70,Files,folder-open,expanded browse files view opened,Lucide,import { FolderOpen } from 'lucide-react',<FolderOpen />,Open directory. Browsing files. Expanded view.,Filled open,18-20,text-warning,Close flap to folder (200ms reverse).,Open folder,"folder, file","Folder, FolderClosed"
71,Files,paperclip,attachment attach file link document,Lucide,import { Paperclip } from 'lucide-react',<Paperclip />,File attachment. Attach document. Email attachment.,Outline,16-18,text-secondary | has-attachment: text-brand,Rotate 15° wobble on attach (200ms).,Attachment,"link, upload","Link, FileUp"
72,Files,link,url hyperlink chain connect anchor,Lucide,import { Link } from 'lucide-react',<Link />,Link URL. Hyperlink. Connection indicator.,Outline,16-18,text-brand | broken: text-error,Chain links connect 200ms. Break animation for broken links.,Link,"external-link, unlink","Link2, Unlink"
73,Files,clipboard,paste copy buffer notes checklist,Lucide,import { Clipboard } from 'lucide-react',<Clipboard />,Clipboard paste. Copy buffer. Notes reference.,Outline,18-20,text-secondary | copied: text-success,Content flash on paste (150ms). Check morph on copy success.,Clipboard,"copy, check","ClipboardCheck, ClipboardList"
74,Layout,grid,tiles gallery layout dashboard cards mosaic,Lucide,import { Grid } from 'lucide-react',<Grid />,Grid view. Gallery layout. Dashboard tiles. Card mosaic.,Outline → Filled active,18-20,text-secondary | active: text-brand,Tiles scale in from center (200ms stagger). Toggle from list.,Grid view,"list, columns","Grid3x3, LayoutGrid"
75,Layout,list,rows table lines items list-view,Lucide,import { List } from 'lucide-react',<List />,List view. Row layout. Table format. Item listing.,Outline → Filled active,18-20,text-secondary | active: text-brand,Lines slide in from left (200ms stagger). Toggle from grid.,List view,"grid, table","ListOrdered, ListChecks"
76,Layout,columns,layout split dual sidebar two-column,Lucide,import { Columns } from 'lucide-react',<Columns />,Two-column layout. Split view. Side-by-side panels.,Outline,18-20,text-secondary,Columns slide in from edges (300ms).,Column layout,"layout, sidebar","Columns3, PanelLeft"
77,Layout,maximize,fullscreen expand enlarge zoom fit-screen,Lucide,import { Maximize } from 'lucide-react',<Maximize />,Fullscreen toggle. Maximize window. Expand to fill.,Outline,16-18,text-secondary | active: text-primary,Corners expand outward (200ms). Arrows animate to edges.,Fullscreen,"minimize, expand","Maximize2, Expand"
78,Layout,minimize,reduce shrink collapse exit-fullscreen,Lucide,import { Minimize } from 'lucide-react',<Minimize />,Minimize window. Reduce size. Exit fullscreen.,Outline,16-18,text-secondary,Corners contract inward (200ms).,Minimize,"maximize, shrink","Minimize2, Shrink"
79,Layout,sidebar,panel drawer navigation menu rail,Lucide,import { Sidebar } from 'lucide-react',<Sidebar />,Sidebar panel. Navigation drawer. Side rail.,Outline → Filled open,18-20,text-secondary | open: text-brand,Slide in from left (300ms ease). Content push animation.,Toggle sidebar,"panel-left, menu","PanelLeft, PanelRight"
80,Social,heart,like love favorite wishlist bookmark save,Lucide,import { Heart } from 'lucide-react',<Heart />,Like action. Favorite. Wishlist add. Love indicator.,Outline → Filled on like,20-24,text-secondary → text-error filled,Scale burst 1→1.3→1 (300ms spring). Color fill red. Particle burst optional.,Like / favorite,"star, bookmark, thumbs-up","HeartOff, HeartCrack"
81,Social,star,rating review favorite bookmark quality,Lucide,import { Star } from 'lucide-react',<Star />,Star rating. Review score. Favorite marker.,Outline → Filled on rate,18-20,text-muted → text-warning filled,Fill from bottom to top (200ms). Sparkle on 5-star.,Rate / favorite,"heart, bookmark","StarHalf, StarOff"
82,Social,thumbs-up,like approve agree positive upvote,Lucide,import { ThumbsUp } from 'lucide-react',<ThumbsUp />,Upvote. Approve action. Agree/positive feedback.,Outline → Filled on like,20-24,text-secondary → text-brand filled,Rotate up 15° on like (200ms). Float up slightly.,Like / agree,"thumbs-down, heart","ThumbsDown, Heart"
83,Social,thumbs-down,dislike disapprove disagree negative downvote,Lucide,import { ThumbsDown } from 'lucide-react',<ThumbsDown />,Downvote. Disapprove. Negative feedback.,Outline → Filled on dislike,20-24,text-secondary → text-error filled,Rotate down 15° on dislike (200ms).,Dislike / disagree,"thumbs-up, flag","ThumbsUp, X"
84,Social,bookmark,save-later favorite mark collection pin,Lucide,import { Bookmark } from 'lucide-react',<Bookmark />,Bookmark save. Read later. Pin to collection.,Outline → Filled saved,18-20,text-secondary → text-brand filled,Slide down 3px then settle (200ms). Fill from top.,Save for later,"heart, star, flag","BookmarkPlus, Pin"
85,Social,flag,report mark important highlight attention,Lucide,import { Flag } from 'lucide-react',<Flag />,Report content. Flag for review. Important marker.,Outline → Filled reported,18-20,text-secondary → text-error reported,Wave flag animation on hover (400ms). Filled on report.,Report / flag,"alert-triangle, shield","FlagOff, AlertTriangle"
86,Social,award,achievement badge trophy recognition medal,Lucide,import { Award } from 'lucide-react',<Award />,Achievement badge. Awards section. Recognition.,Outline → Filled on earn,20-24,text-warning | gold: text-gold,Ribbon bounce on earn (300ms spring). Glow effect.,Achievement,"badge-check, star, trophy","Trophy, Medal, Crown"
87,Device,smartphone,mobile phone device touch responsive,Lucide,import { Smartphone } from 'lucide-react',<Smartphone />,Mobile device. Phone UI indicator. Responsive preview.,Outline,20-24,text-secondary,Screen lights up on hover (fade 200ms).,Mobile device,"tablet, monitor","Phone, DevicePhone"
88,Device,tablet,ipad device touch screen mid-size,Lucide,import { Tablet } from 'lucide-react',<Tablet />,Tablet device. Mid-size preview. iPad.,Outline,20-24,text-secondary,Screen lights up on hover (fade 200ms).,Tablet device,"smartphone, monitor","TabletSmartphone"
89,Device,monitor,desktop screen computer display workstation,Lucide,import { Monitor } from 'lucide-react',<Monitor />,Desktop display. Monitor preview. Workstation.,Outline,20-24,text-secondary,Screen content fade-in on hover (200ms).,Desktop display,"laptop, smartphone","MonitorSmartphone, Tv"
90,Device,laptop,notebook computer portable macbook device,Lucide,import { Laptop } from 'lucide-react',<Laptop />,Laptop/notebook. Portable computer indicator.,Outline,20-24,text-secondary,Lid opens on hover (300ms perspective).,Laptop,"monitor, smartphone","Laptop2, MonitorSmartphone"
91,Security,lock,secure password protected private encrypted,Lucide,import { Lock } from 'lucide-react',<Lock />,Locked state. Password protected. Secure content.,Outline → Filled locked,18-20,text-secondary | locked: text-warning,Shackle closes on lock (200ms). Shake on wrong password.,Locked / secure,"unlock, key, shield","LockKeyhole, KeyRound"
92,Security,unlock,open access unsecure public unlocked,Lucide,import { Unlock } from 'lucide-react',<Unlock />,Unlocked state. Open access. Authentication success.,Outline,18-20,text-secondary | unlocked: text-success,Shackle opens up (200ms). Green flash on unlock.,Unlocked,"lock, key","UnlockKeyhole, LockOpen"
93,Security,shield,protection security safe guard firewall,Lucide,import { Shield } from 'lucide-react',<Shield />,Security shield. Protection indicator. Safe guard.,Outline → Filled secure,20-24,text-secondary | secure: text-success,Pulse glow on verify (300ms). Check mark overlay on secure.,Security,"shield-check, lock","ShieldCheck, ShieldAlert"
94,Security,key,password access unlock login credential,Lucide,import { Key } from 'lucide-react',<Key />,Password key. Access credential. Unlock trigger.,Outline,18-20,text-secondary | active: text-brand,Rotate 45° on authenticate (200ms). Glow on valid.,Access key,"lock, unlock, fingerprint","KeyRound, KeySquare"
95,Security,eye,view show visible password reveal preview,Lucide,import { Eye } from 'lucide-react',<Eye />,Show password. Reveal content. Preview mode.,Outline,18-20,text-secondary | active: text-primary,Iris dilate on view (200ms). Blink transition to eye-off.,Show / view,"eye-off, lock","EyeOff, Scan"
96,Security,eye-off,hide invisible password hidden conceal,Lucide,import { EyeOff } from 'lucide-react',<EyeOff />,Hide password. Conceal content. Privacy mode.,Outline,18-20,text-secondary,Blink close transition from eye (200ms).,Hide,"eye, lock","Eye, EyeClosed"
97,Security,fingerprint,biometric auth touch-id identity verify,Lucide,import { Fingerprint } from 'lucide-react',<Fingerprint />,Biometric auth. Touch ID. Identity verification.,Outline,24-32,text-brand | verified: text-success,Scan lines sweep down (400ms). Glow on verify.,Biometric authentication,"key, lock, scan","ScanFace, Scan"
98,Location,map-pin,location marker place address pin-drop,Lucide,import { MapPin } from 'lucide-react',<MapPin />,Location pin. Address marker. Place indicator.,Outline → Filled selected,20-24,text-error | brand: text-brand,Drop from above with bounce (400ms spring). Pulse on select.,Location,"map, navigation, globe","Pin, MapPinned"
99,Location,map,directions navigate geography location area,Lucide,import { Map } from 'lucide-react',<Map />,Map view. Directions display. Geography section.,Outline,20-24,text-secondary | active: text-brand,Unfold animation (300ms). Zoom on interact.,Map view,"map-pin, navigation, compass","MapPinned, Globe"
100,Location,navigation,compass direction pointer arrow gps,Lucide,import { Navigation } from 'lucide-react',<Navigation />,Navigation compass. Direction pointer. GPS indicator.,Filled directional,18-20,text-brand,Rotate to heading direction (smooth 200ms). Pulse at destination.,Navigate,"map, compass, map-pin","Compass, Locate"
101,Location,globe,world international global web worldwide,Lucide,import { Globe } from 'lucide-react',<Globe />,Global indicator. International. World wide web.,Outline,20-24,text-secondary | active: text-brand,Slow rotate Y-axis on hover (2s ease). Continents shift.,Global / international,"map, languages","Globe2, Earth, Languages"
102,Time,calendar,date schedule event appointment planner,Lucide,import { Calendar } from 'lucide-react',<Calendar />,Date picker. Schedule view. Event calendar.,Outline,20-24,text-secondary | today: text-brand,Page flip on month change (300ms). Today dot pulse.,Calendar / date,"clock, calendar-days","CalendarDays, CalendarRange"
103,Time,timer,countdown duration stopwatch pomodoro,Lucide,import { Timer } from 'lucide-react',<Timer />,Timer countdown. Duration tracker. Stopwatch.,Outline,20-24,text-secondary | running: text-brand,Sweep hand animation. Flash on complete.,Timer / countdown,"clock, hourglass","TimerOff, Hourglass"
104,Time,hourglass,loading waiting processing time-remaining,Lucide,import { Hourglass } from 'lucide-react',<Hourglass />,Loading state. Wait indicator. Time remaining.,Outline,20-24,text-muted | active: text-warning,Flip 180° on interval (1s). Sand trickle effect.,Please wait,"clock, loader","Timer, Loader2"
105,Time,rotate-ccw,undo revert back history reverse undo-action,Lucide,import { RotateCcw } from 'lucide-react',<RotateCcw />,Undo action. Revert change. Go back in history.,Outline,18-20,text-secondary,Rotate CCW 360° on undo (400ms). Fade undo content.,Undo,"rotate-cw, history","Undo2, ArrowLeft"
106,Time,rotate-cw,redo forward repeat history redo-action,Lucide,import { RotateCw } from 'lucide-react',<RotateCw />,Redo action. Repeat. Go forward in history.,Outline,18-20,text-secondary,Rotate CW 360° on redo (400ms).,Redo,"rotate-ccw, history","Redo2, ArrowRight"
107,Development,code,develop programming syntax html brackets,Lucide,import { Code } from 'lucide-react',<Code />,Code block. Development section. Syntax indicator.,Outline,18-20,text-secondary | active: text-brand,Brackets expand outward on hover (200ms).,Code,"terminal, braces","CodeXml, Braces, Binary"
108,Development,terminal,console cli command shell prompt,Lucide,import { Terminal } from 'lucide-react',<Terminal />,Terminal console. CLI section. Command prompt.,Outline,18-20,text-secondary | active: text-success,Cursor blink (800ms interval). Type effect on hover.,Terminal,"code, git-branch","TerminalSquare, Console"
109,Development,git-branch,version-control branch merge vcs fork,Lucide,import { GitBranch } from 'lucide-react',<GitBranch />,Git branch. Version control. Branch indicator.,Outline,18-20,text-secondary | active: text-brand,Branch grows from trunk (300ms). Merge: branches connect.,Git branch,"git-merge, git-commit","GitMerge, GitCommit"
110,Development,github,repository code open-source social-coding,Lucide,import { Github } from 'lucide-react',<Github />,GitHub link. Repository. Open source indicator.,Brand mark,20-24,text-primary | hover: text-brand,Subtle scale 1→1.05 on hover (150ms).,GitHub,"git-branch, code","Gitlab, Code2"
111,Development,bug,debug error issue defect report-bug,Lucide,import { Bug } from 'lucide-react',<Bug />,Bug report. Debug mode. Error/defect indicator.,Outline,18-20,text-error | resolved: text-success,Legs wiggle on hover (300ms). X overlay on resolved.,Bug / issue,"check-circle, wrench","BugOff, AlertTriangle"
112,Development,wrench,tools fix repair settings maintenance,Lucide,import { Wrench } from 'lucide-react',<Wrench />,Tool/fix action. Repair indicator. Maintenance.,Outline,18-20,text-secondary | active: text-brand,Rotate 45° on fix (200ms). Tighten animation.,Tools / fix,"settings, bug","Hammer, WrenchIcon"
113,Misc,sun,light-mode day bright theme-toggle light,Lucide,import { Sun } from 'lucide-react',<Sun />,Light mode toggle. Day/bright theme. Sun indicator.,Outline → Filled,20-24,text-warning,Rotate 180° morph from moon (400ms). Rays expand.,Light mode,"moon, monitor","SunMedium, Sunrise"
114,Misc,moon,dark-mode night theme-toggle dark,Lucide,import { Moon } from 'lucide-react',<Moon />,Dark mode toggle. Night theme. Moon indicator.,Outline → Filled,20-24,text-indigo-400 | dark: text-yellow-300,Rotate 180° morph from sun (400ms). Stars twinkle around.,Dark mode,"sun, monitor","MoonStar, Sunset"
115,Misc,palette,color theme design style customize brand,Lucide,import { Palette } from 'lucide-react',<Palette />,Color picker. Theme customization. Design options.,Outline,20-24,text-brand,Paint dab animation on select (200ms). Color swirl on hover.,Theme / colors,"sun, moon, paintbrush","Paintbrush, Pipette, SwatchBook"
116,Misc,zap,fast instant quick lightning performance speed,Lucide,import { Zap } from 'lucide-react',<Zap />,Speed indicator. Instant action. Performance boost. Flash.,Outline → Filled,18-20,text-warning | premium: text-gold,Flash glow burst (200ms). Bolt strikes on activate.,Quick action / speed,"rocket, gauge","BoltIcon, Gauge, Flame"
117,Misc,rocket,launch deploy fast startup speed blast-off,Lucide,import { Rocket } from 'lucide-react',<Rocket />,Launch action. Deploy. Startup indicator. Speed boost.,Outline,20-24,text-brand | launching: text-warning,Lift off with exhaust trail (500ms). Shake on ignition.,Launch / deploy,"zap, send","Plane, ArrowUpRight"
118,Misc,sparkles,ai magic enhance auto smart generate creative,Lucide,import { Sparkles } from 'lucide-react',<Sparkles />,AI feature indicator. Magic/enhance action. Smart suggestion. Generate content.,Outline → Filled AI active,16-20,text-brand gradient (purple→blue) | gold for premium-ai,Sparkle particles burst from center on click (400ms). Glow on AI action.,AI feature,"wand-2, brain, bot","Stars, Wand2, Brain"
119,Misc,brain,ai intelligence thinking neural cognitive,Lucide,import { Brain } from 'lucide-react',<Brain />,AI intelligence. Thinking/processing. Neural network indicator.,Outline,20-24,text-brand | thinking: animate-pulse,Pulse glow when processing (600ms). Synapses flash on insight.,AI / intelligence,"sparkles, cpu, lightbulb","BrainCircuit, Cpu, Lightbulb"
120,Misc,bot,chatbot assistant virtual-agent ai-helper,Lucide,import { Bot } from 'lucide-react',<Bot />,AI chatbot. Virtual assistant. Bot indicator.,Outline → Filled active,20-24,text-brand | active: gradient purple→cyan,Eyes blink (2s interval). Antenna bounce on message.,AI assistant,"sparkles, brain, message-circle","BotMessageSquare, User"
121,Misc,wand-2,auto-enhance magic-wand ai-improve beautify,Lucide,import { Wand2 } from 'lucide-react',<Wand2 />,AI auto-enhance. Magic wand action. One-click improve.,Outline,18-20,text-brand | casting: gradient purple→cyan,Wand wave + sparkle trail (400ms). Glow burst on complete.,AI enhance,"sparkles, palette, stars","WandSparkles, Sparkles"
122,Misc,lightbulb,idea insight suggestion tip creative,Lucide,import { Lightbulb } from 'lucide-react',<Lightbulb />,Idea suggestion. Insight indicator. Creative tip. Lightbulb moment.,Outline → Filled on idea,20-24,text-warning | idea: text-gold glow,Glow turns on (300ms). Rays emanate on insight moment.,Idea / suggestion,"brain, sparkles, zap","LightbulbOff, Lamp"
123,Misc,crown,premium vip exclusive tier-top king,Lucide,import { Crown } from 'lucide-react',<Crown />,Premium tier. VIP badge. Exclusive feature indicator.,Outline → Filled premium,16-20,text-gold | premium: bg-gold/10,Subtle float up-down (2s infinite). Sparkle on hover.,Premium / VIP,"star, award, diamond","Medal, Award, Diamond"
124,Misc,book-open,documentation guide reference manual learn,Lucide,import { BookOpen } from 'lucide-react',<BookOpen />,Documentation. Guide/manual. Reference material. Learning.,Outline,20-24,text-secondary | active: text-brand,Pages flip on hover (300ms). Open from closed on navigate.,Documentation / guide,"file-text, graduation-cap","Book, Library, GraduationCap"
125,Misc,help-circle,help faq support question need-help,Lucide,import { HelpCircle } from 'lucide-react',<HelpCircle />,Help trigger. FAQ link. Support button. Question indicator.,Outline,18-20,text-muted | hover: text-brand,Wobble on hover (200ms). Tooltip slides in.,Help / FAQ,"info, message-circle, life-buoy","CircleHelp, LifeBuoy"
126,Misc,sliders-horizontal,controls adjust parameters settings configure,Lucide,import { SlidersHorizontal } from 'lucide-react',<SlidersHorizontal />,Controls panel. Settings adjustment. Parameter configuration.,Outline,18-20,text-secondary | active: text-brand,Sliders slide to positions on mount (300ms stagger).,Adjust settings,"settings, filter","Settings2, Equalizer"
127,Misc,hash,tag topic channel category hashtag,Lucide,import { Hash } from 'lucide-react',<Hash />,Channel name. Topic/category tag. Hashtag indicator.,Outline,16-18,text-muted | active: text-brand,Subtle scale on hover (150ms).,Channel / topic,"tag, at-sign","AtSign, Tags"
128,Misc,layers,stack levels depth z-index overlay,Lucide,import { Layers } from 'lucide-react',<Layers />,Layer stack. Depth indicator. Multi-level content.,Outline,18-20,text-secondary,Layers separate on hover (200ms stagger). Stack on leave.,Layers / stack,"layout, grid","Layers3, Copy"
129,Misc,gauge,speed performance metric dashboard speedometer,Lucide,import { Gauge } from 'lucide-react',<Gauge />,Performance metric. Speed indicator. Dashboard gauge.,Outline,20-24,text-secondary | fast: text-success slow: text-error,Needle sweeps to value (600ms ease-out). Color shifts by speed.,Performance,"zap, activity","Speedometer, Activity"
130,Misc,target,goal objective focus bullseye aim,Lucide,import { Target } from 'lucide-react',<Target />,Goal/objective indicator. Focus target. KPI aim.,Outline,20-24,text-secondary | hit: text-success,Concentric rings pulse inward (400ms). Hit: center flash.,Target / goal,"crosshair, circle-dot","Crosshair, CircleDot"
131,Weather,cloud,weather overcast sky cloud-computing storage,Lucide,import { Cloud } from 'lucide-react',<Cloud />,Weather indicator. Cloud computing. Storage metaphor.,Outline,20-24,text-muted | rain: text-info,Drift left-right subtle (3s infinite). Darken for rain.,Weather / cloud,"cloud-rain, sun, server","CloudRain, CloudSun"
132,Weather,cloud-rain,rain weather precipitation downpour storm,Lucide,import { CloudRain } from 'lucide-react',<CloudRain />,Rain weather indicator. Bad weather. Alert condition.,Outline,20-24,text-info | storm: text-warning,Raindrops fall (400ms loop stagger). Cloud darkens.,Rain / storm,"cloud, cloud-snow, umbrella","CloudDrizzle, CloudLightning"
133,Weather,cloud-snow,snow winter cold frost ice freeze,Lucide,import { CloudSnow } from 'lucide-react',<CloudSnow />,Snow/winter indicator. Cold weather. Freeze alert.,Outline,20-24,text-info,Snowflakes drift down (600ms loop). Gentle sway.,Snow / cold,"cloud-rain, thermometer","CloudHail, Snowflake"
134,Weather,thermometer,temperature heat cold weather sensor,Lucide,import { Thermometer } from 'lucide-react',<Thermometer />,Temperature reading. Heat/cold indicator. Sensor value.,Outline,20-24,text-secondary | hot: text-error cold: text-info,Mercury rises/falls to value (400ms). Color shifts by range.,Temperature,"activity, flame","ThermometerSun, Flame"
135,Weather,wind,breeze airflow ventilation weather gust,Lucide,import { Wind } from 'lucide-react',<Wind />,Wind indicator. Airflow. Ventilation status.,Outline,20-24,text-secondary,Lines wave right (600ms loop). Intensity by speed.,Wind / airflow,"cloud, droplets","Fan, AirVent"
136,Weather,sunrise,morning dawn beginning start new-day,Lucide,import { Sunrise } from 'lucide-react',<Sunrise />,Morning indicator. New beginning. Start of day.,Outline,20-24,text-warning,Sun rises above horizon (600ms). Rays expand.,Sunrise / start,"sunset, sun, moon","Sunset, Sun"
137,Weather,sunset,evening dusk ending close end-of-day,Lucide,import { Sunset } from 'lucide-react',<Sunset />,Evening indicator. Day end. Close of business.,Outline,20-24,text-orange-400,Sun descends below horizon (600ms). Warm glow fades.,Sunset / end,"sunrise, moon, sun","Sunrise, Moon"
138,Brand,twitter,social x tweet post microblog,Lucide,import { Twitter } from 'lucide-react',<Twitter />,Twitter/X social link. Tweet action. Social share.,Brand mark,20-24,text-[#1DA1F2] | x-brand: text-primary,Subtle scale 1→1.05 on hover (150ms).,Twitter / X social,"github, mail, share","AtSign, MessageCircle"
139,Brand,instagram,social photo feed stories reel visual,Lucide,import { Instagram } from 'lucide-react',<Instagram />,Instagram social link. Photo feed. Visual platform.,Brand mark,20-24,text-[#E1306C] | gradient: pink→orange→purple,Subtle scale 1→1.05 on hover (150ms). Gradient border.,Instagram social,"camera, image, heart","Camera, Heart"
140,Brand,linkedin,social professional network career business,Lucide,import { Linkedin } from 'lucide-react',<Linkedin />,LinkedIn professional network. Career link. B2B social.,Brand mark,20-24,text-[#0A66C2],Subtle scale 1→1.05 on hover (150ms).,LinkedIn social,"briefcase, users","Briefcase, Users"
141,Brand,facebook,social community page group social-media,Lucide,import { Facebook } from 'lucide-react',<Facebook />,Facebook social link. Community page. Social network.,Brand mark,20-24,text-[#1877F2],Subtle scale 1→1.05 on hover (150ms).,Facebook social,"users, share","Users, Globe"
142,Brand,youtube,video stream channel creator content,Lucide,import { Youtube } from 'lucide-react',<Youtube />,YouTube video link. Channel. Creator platform.,Brand mark,20-24,text-[#FF0000],Play triangle pulses inside (300ms).,YouTube video,"play, video","Play, MonitorPlay"
143,Brand,figma,design prototype ui wireframe collaborate,Lucide,import { Figma } from 'lucide-react',<Figma />,Figma design link. Prototype reference. UI tool.,Brand mark,20-24,text-[#F24E1E],Subtle rotate on hover (200ms).,Figma design,"palette, pen-tool","PenTool, Palette"
144,Finance,wallet-cards,payment-methods cards multiple finances,Lucide,import { WalletCards } from 'lucide-react',<WalletCards />,Payment methods. Multiple cards. Financial accounts.,Outline,20-24,text-primary,Cards fan out on hover (300ms stagger).,Payment methods,"credit-card, wallet","CreditCard, Wallet"
145,Finance,banknote,cash money currency bill payment,Lucide,import { Banknote } from 'lucide-react',<Banknote />,Cash payment. Money indicator. Bill currency.,Outline,20-24,text-success,Subtle float up 2px on count change (200ms).,Cash / money,"dollar-sign, coins","DollarSign, Coins"
146,Finance,coins,money currency token crypto-token staking,Lucide,import { Coins } from 'lucide-react',<Coins />,Coin stack. Token indicator. Staking/crypto.,Outline,20-24,text-warning | crypto: text-brand,Coins stack up 1-by-1 (200ms stagger).,Coins / tokens,"dollar-sign, banknote","DollarSign, Banknote"
147,Finance,receipt,invoice bill transaction record purchase,Lucide,import { Receipt } from 'lucide-react',<Receipt />,Invoice/receipt. Transaction record. Purchase proof.,Outline,18-20,text-secondary,Unfurl from top (300ms). Check mark on verified.,Receipt / invoice,"file-text, credit-card","FileText, ClipboardList"
148,Finance,piggy-bank,savings budget finance goal money-box,Lucide,import { PiggyBank } from 'lucide-react',<PiggyBank />,Savings indicator. Budget goal. Financial goal tracker.,Outline,20-24,text-brand | full: text-success,Coin drops in on save (200ms). Bounce on full.,Savings,"dollar-sign, target","Target, TrendingUp"
149,Healthcare,heart-pulse,vitals health heartbeat monitor medical,Lucide,import { HeartPulse } from 'lucide-react',<HeartPulse />,Health vitals. Heartbeat monitor. Medical status.,Outline,20-24,text-error | healthy: text-success,Pulse ECG animation (800ms loop). Flatline on disconnect.,Heart rate / vitals,"activity, stethoscope","Activity, Heart"
150,Healthcare,stethoscope,doctor medical examine diagnose clinical,Lucide,import { Stethoscope } from 'lucide-react',<Stethoscope />,Doctor/medical. Clinical examination. Health checkup.,Outline,20-24,text-info,Gentle swing of chest piece (400ms).,Medical / doctor,"heart-pulse, pill","HeartPulse, Syringe"
151,Healthcare,pill,medicine medication prescription drug treatment,Lucide,import { Pill } from 'lucide-react',<Pill />,Medication. Prescription indicator. Drug/treatment.,Outline,18-20,text-info | caution: text-warning,Subtle rotate on hover (200ms).,Medication,"stethoscope, syringe","Tablet, Syringe"
152,Healthcare,syringe,injection vaccine shot medical treatment,Lucide,import { Syringe } from 'lucide-react',<Syringe />,Injection/vaccine. Medical treatment. Shot record.,Outline,18-20,text-info,Plunger push on administer (300ms).,Injection / vaccine,"pill, stethoscope","Pill, HeartPulse"
153,Healthcare,baby,child infant newborn pediatric maternity,Lucide,import { Baby } from 'lucide-react',<Baby />,Pediatric. Baby care. Maternity indicator.,Outline,20-24,text-pink-400,Gentle bounce on hover (300ms).,Baby / pediatric,"heart, smile","Heart, SmilePlus"
154,Healthcare,accessibility,a11y inclusive disability assistive universal,Lucide,import { Accessibility } from 'lucide-react',<Accessibility />,Accessibility indicator. Inclusive design. A11y badge.,Outline,20-24,text-brand,Subtle pulse on focus (400ms).,Accessibility,"eye, ear","PersonStanding, Ear"
155,Education,graduation-cap,degree education graduate university diploma,Lucide,import { GraduationCap } from 'lucide-react',<GraduationCap />,Graduation. Degree completion. University section.,Outline → Filled on earn,20-24,text-brand | earned: text-gold,Cap toss up on completion (500ms spring). Tassel swing.,Graduation / degree,"book-open, award","Award, BookOpen"
156,Education,school,institution campus building education academy,Lucide,import { School } from 'lucide-react',<School />,School/institution. Campus indicator. Education hub.,Outline,20-24,text-secondary,Fade-in scale (200ms).,School / institution,"graduation-cap, book-open","Building, Library"
157,Education,book-marked,reading saved-page bookmarked reference,Lucide,import { BookMarked } from 'lucide-react',<BookMarked />,Saved reading. Bookmarked page. Reference material.,Outline → Filled bookmarked,18-20,text-secondary → text-brand bookmarked,Ribbon slides in from top (200ms). Pages fan on hover.,Saved reference,"bookmark, book-open","BookOpen, Bookmark"
158,Education,pencil-ruler,design drafting precision tools creative,Lucide,import { PencilRuler } from 'lucide-react',<PencilRuler />,Design tools. Drafting indicator. Precision work.,Outline,20-24,text-secondary,Tools cross/uncross on hover (200ms).,Design tools,"palette, pen-tool","PenTool, Palette"
159,Forms,text-cursor-input,text-field input type form write,Lucide,import { TextCursorInput } from 'lucide-react',<TextCursorInput />,Text input field. Form entry. Type indicator.,Outline,18-20,text-secondary | focus: text-brand,Cursor blink (800ms interval). Border glow on focus.,Text input,"keyboard, type","FormInput, Type"
160,Forms,list-checks,checklist todo tasks completed items,Lucide,import { ListChecks } from 'lucide-react',<ListChecks />,Checklist. Todo list. Task completion tracker.,Outline,18-20,text-secondary | complete: text-success,Checks appear stagger 150ms top→bottom.,Checklist / tasks,"check, list","ListTodo, CheckSquare"
161,Forms,toggle-left,switch off disabled inactive option,Lucide,import { ToggleLeft } from 'lucide-react',<ToggleLeft />,Toggle off state. Switch disabled. Option inactive.,Outline,20-24,text-muted,Knob slides left (200ms). Track dims.,Toggle off,"toggle-right, circle","ToggleRight, Power"
162,Forms,toggle-right,switch on enabled active option,Lucide,import { ToggleRight } from 'lucide-react',<ToggleRight />,Toggle on state. Switch enabled. Option active.,Filled,20-24,text-success | brand: text-brand,Knob slides right (200ms). Track brightens.,Toggle on,"toggle-left, check","ToggleLeft, Check"
163,Forms,radio,option select single-choice form input,Lucide,import { Circle } from 'lucide-react',<Circle />,Radio option. Single selection. Form choice.,Outline → Filled dot,18-20,text-secondary → text-brand selected,Inner dot scales 0→1 on select (150ms spring).,Select option,"check-circle, square","CircleDot, CheckCircle"
164,Forms,square-check,checkbox checked selected multi-choice,Lucide,import { SquareCheck } from 'lucide-react',<SquareCheck />,Checkbox checked. Multi-select. Confirmed option.,Outline → Filled + check,18-20,text-secondary → text-brand checked,Check draws inside box (200ms). Box fills simultaneously.,Checkbox checked,"square, check","CheckSquare, ListChecks"
165,Ecommerce,store,shop marketplace retail business storefront,Lucide,import { Store } from 'lucide-react',<Store />,Store front. Marketplace. Retail business section.,Outline,20-24,text-primary | open: text-success,Awning rolls down on hover (300ms). Door opens on click.,Store / shop,"shopping-cart, tag","ShoppingBag, Building2"
166,Ecommerce,package,order shipment delivery parcel product,Lucide,import { Package } from 'lucide-react',<Package />,Order package. Shipment tracking. Product delivery.,Outline → Filled shipped,20-24,text-secondary | shipped: text-brand,Box assembles/opens (300ms). Tracking: slide right.,Package / delivery,"truck, shopping-bag","PackageOpen, Truck"
167,Ecommerce,truck,delivery shipping transport logistics freight,Lucide,import { Truck } from 'lucide-react',<Truck />,Delivery truck. Shipping indicator. Transport status.,Outline,20-24,text-secondary | transit: text-brand animate,Wheels rotate + truck slides right on deliver (600ms).,Delivery / shipping,"package, map-pin","PackageCheck, MapPin"
168,Ecommerce,scan-barcode,barcode scan inventory product lookup,Lucide,import { ScanBarcode } from 'lucide-react',<ScanBarcode />,Barcode scanner. Inventory lookup. Product scan.,Outline,20-24,text-secondary | scanning: text-brand,Scan line sweeps down (400ms loop). Flash on success.,Scan barcode,"qr-code, search","QrCode, ScanLine"
169,Ecommerce,ticket,coupon voucher admission pass event,Lucide,import { Ticket } from 'lucide-react',<Ticket />,Coupon/voucher. Event ticket. Admission pass.,Outline,18-20,text-secondary | active: text-brand,Tear perforation animation on redeem (200ms).,Ticket / coupon,"tag, percent, gift","Tag, Percent"
170,Ecommerce,star-half,half-rating partial-score review,Lucide,import { StarHalf } from 'lucide-react',<StarHalf />,Half-star rating. Partial score. Fractional review.,Outline half-filled,18-20,text-warning half-fill,Fill sweeps to half (200ms).,Half rating,"star, star-off","Star, StarOff"
171,Dashboard,layout-dashboard,dashboard grid panels overview admin,Lucide,import { LayoutDashboard } from 'lucide-react',<LayoutDashboard />,Dashboard layout. Admin panel. Overview grid.,Outline → Filled active,20-24,text-secondary | active: text-brand,Panels scale in from center (200ms stagger).,Dashboard,"grid, bar-chart","Grid, LayoutGrid"
172,Dashboard,kanban,board columns tasks agile sprint workflow,Lucide,import { KanbanSquare } from 'lucide-react',<KanbanSquare />,Kanban board. Task columns. Agile workflow.,Outline,20-24,text-secondary,Columns slide in from left (200ms stagger). Cards drop in.,Kanban board,"list, columns","Columns, ListTodo"
173,Dashboard,table,data spreadsheet rows columns structured,Lucide,import { Table } from 'lucide-react',<Table />,Data table. Spreadsheet view. Structured data display.,Outline,18-20,text-secondary,Rows fade in top→bottom (100ms stagger).,Data table,"list, grid","Sheet, Grid"
174,Dashboard,panel-left,sidebar panel left-drawer navigation,Lucide,import { PanelLeft } from 'lucide-react',<PanelLeft />,Left sidebar panel. Navigation drawer. Panel toggle.,Outline,18-20,text-secondary | open: text-brand,Slide in from left edge (300ms ease).,Left panel,"sidebar, panel-right","PanelRight, Sidebar"
175,Dashboard,panel-right,sidebar panel right-drawer detail-pane,Lucide,import { PanelRight } from 'lucide-react',<PanelRight />,Right detail pane. Properties panel. Info drawer.,Outline,18-20,text-secondary | open: text-brand,Slide in from right edge (300ms ease).,Right panel,"panel-left, sidebar","PanelLeft, SidebarRight"
176,Dashboard,chart-area,area graph filled chart analytics trend,Lucide,import { AreaChart } from 'lucide-react',<AreaChart />,Area chart. Filled graph. Trend visualization.,Outline,20-24,text-brand,Area fills from bottom (500ms). Line draws L→R.,Area chart,"line-chart, bar-chart","LineChart, BarChart"
177,Misc,flame,hot trending fire popular viral,Lucide,import { Flame } from 'lucide-react',<Flame />,Hot/trending indicator. Popular content. Viral marker. Fire.,Outline → Filled hot,18-20,text-orange-500 | viral: text-error,Flicker animation (400ms loop). Intensify on viral.,Hot / trending,"trending-up, zap","TrendingUp, Sparkles"
178,Misc,snowflake,cold frozen freeze winter ice,Lucide,import { Snowflake } from 'lucide-react',<Snowflake />,Cold/frozen state. Winter indicator. Ice/freeze.,Outline,18-20,text-info,Rotate slowly (3s linear infinite). Sparkle on hover.,Frozen / cold,"thermometer, cloud-snow","Thermometer, CloudSnow"
179,Misc,shield-check,verified-secure protected trusted ssl,Lucide,import { ShieldCheck } from 'lucide-react',<ShieldCheck />,Verified secure. SSL indicator. Trust badge. Protected.,Filled,18-20,text-success | premium: text-gold,Shield glows then check draws (400ms).,Verified secure,"shield, lock, badge-check","BadgeCheck, Lock"
180,Misc,life-buoy,support help rescue customer-service assistance,Lucide,import { LifeBuoy } from 'lucide-react',<LifeBuoy />,Support/help. Rescue indicator. Customer service.,Outline,20-24,text-error | support: text-brand,Rotate gently (2s ease). Bobbing motion on hover.,Support / help,"help-circle, headphones","HelpCircle, Headphones"
181,Misc,headphones,audio music support listen customer-service,Lucide,import { Headphones } from 'lucide-react',<Headphones />,Audio listening. Support chat. Music mode.,Outline → Filled active,20-24,text-secondary | active: text-brand,Sound waves pulse from earpieces (400ms).,Audio / support,"mic, volume-2","Mic, AudioLines"
182,Misc,wifi,internet connected online network signal,Lucide,import { Wifi } from 'lucide-react',<Wifi />,Internet connected. Online status. Network signal.,Outline,18-20,text-success | weak: text-warning off: text-error,Waves pulse outward (600ms). Bars animate by strength.,Wi-Fi status,"wifi-off, signal","WifiOff, Signal"
183,Misc,wifi-off,disconnected offline no-internet,Lucide,import { WifiOff } from 'lucide-react',<WifiOff />,Disconnected. Offline state. No internet.,Outline,18-20,text-error,Cross-line draws through wifi (200ms).,No connection,"wifi, cloud-off","Wifi, CloudOff"
184,Misc,battery,power charge energy level device,Lucide,import { Battery } from 'lucide-react',<Battery />,Battery level. Power status. Device charge.,Outline → Fill by level,18-20,full: text-success | mid: text-warning | low: text-error,Fill animates to level (300ms). Flash on low.,Battery level,"battery-charging, zap","BatteryCharging, Zap"
185,Misc,battery-charging,charging power plugged-in energy,Lucide,import { BatteryCharging } from 'lucide-react',<BatteryCharging />,Charging state. Plugged in. Power restore.,Outline + bolt,18-20,text-success animate,Bolt flashes (600ms interval). Fill rises slowly.,Charging,"battery, zap, plug","Battery, Plug"
186,Misc,qr-code,scan code quick-response link mobile,Lucide,import { QrCode } from 'lucide-react',<QrCode />,QR code display. Scan target. Quick link.,Outline,24-48,text-primary,Scan line sweeps across (400ms). Corners highlight on scan.,QR code,"scan-barcode, link","ScanBarcode, Link"
187,Misc,at-sign,email mention handle username contact,Lucide,import { AtSign } from 'lucide-react',<AtSign />,Email at-sign. Mention trigger. Username handle.,Outline,16-18,text-secondary | mention: text-brand,Spiral draw animation on mount (300ms).,Email / mention,"mail, hash, user","Mail, Hash"
188,Misc,scissors,cut trim clip edit crop,Lucide,import { Scissors } from 'lucide-react',<Scissors />,Cut action. Trim content. Clip/crop.,Outline,18-20,text-secondary,Open/close blades on click (200ms).,Cut,"crop, move","Crop, Slice"
189,Misc,briefcase,work job business portfolio career,Lucide,import { Briefcase } from 'lucide-react',<Briefcase />,Business/work. Job indicator. Career section. Portfolio.,Outline,20-24,text-secondary | professional: text-brand,Clasp opens on hover (200ms). Lift 2px.,Work / business,"building, linkedin, users","Building2, Landmark"
190,Misc,building,company office organization enterprise,Lucide,import { Building2 } from 'lucide-react',<Building2 />,Company/organization. Office building. Enterprise.,Outline,20-24,text-secondary,Windows light up stagger (200ms).,Company / office,"briefcase, landmark","Briefcase, Landmark"
191,Misc,landmark,institution government bank official,Lucide,import { Landmark } from 'lucide-react',<Landmark />,Institution. Government building. Bank. Official entity.,Outline,20-24,text-secondary,Columns draw up (300ms stagger). Pediment last.,Institution / bank,"building, scale","Building2, Scale"
192,Misc,scale,justice balance legal equality measure,Lucide,import { Scale } from 'lucide-react',<Scale />,Justice/legal. Balance indicator. Equality/fairness.,Outline,20-24,text-secondary | imbalanced: text-warning,Pans tip side-to-side then settle (600ms).,Justice / balance,"landmark, gavel","Landmark, Equal"
193,Misc,megaphone,announcement broadcast marketing campaign shout,Lucide,import { Megaphone } from 'lucide-react',<Megaphone />,Announcement. Marketing campaign. Broadcast message.,Outline,20-24,text-brand | urgent: text-error,Sound waves emanate (400ms pulse). Shake for urgent.,Announcement,"bell, volume-2","Volume2, Radio"
194,Misc,newspaper,news article press release publication,Lucide,import { Newspaper } from 'lucide-react',<Newspaper />,News/article. Press release. Publication feed.,Outline,20-24,text-secondary,Unfold from top-left (300ms).,News / article,"book-open, file-text","BookOpen, FileText"
195,Misc,printer,print output document paper hard-copy,Lucide,import { Printer } from 'lucide-react',<Printer />,Print document. Paper output. Hard copy generation.,Outline,20-24,text-secondary,Paper slides out from top (300ms).,Print document,"file, download","FileOutput, Download"
196,Misc,scan-face,face-id recognition biometric identity,Lucide,import { ScanFace } from 'lucide-react',<ScanFace />,Face recognition. Face ID. Biometric identity verification.,Outline,24,text-brand | verified: text-success,Scan grid sweeps over face (500ms). Green flash on match.,Face recognition,"fingerprint, camera","Fingerprint, Camera"
197,AI,brain-circuit,neural-network machine-learning deep-learning ai-model,Lucide,import { BrainCircuit } from 'lucide-react',<BrainCircuit />,Neural network. ML model. Deep learning indicator.,Outline,20-24,text-brand gradient,Circuit paths light up sequentially (400ms loop). Pulse on inference.,Neural network,"brain, cpu, sparkles","Brain, Cpu, Sparkles"
198,AI,cpu,processor compute server hardware chip,Lucide,import { Cpu } from 'lucide-react',<Cpu />,Processing unit. Compute indicator. Server hardware.,Outline,20-24,text-secondary | processing: text-brand,Pins pulse outward (300ms). Core glows on compute.,Processing / compute,"brain-circuit, server","Server, BrainCircuit"
199,AI,message-square-plus,new-chat start-conversation ai-prompt compose,Lucide,import { MessageSquarePlus } from 'lucide-react',<MessageSquarePlus />,New AI chat. Start conversation. Compose prompt.,Outline,20-24,text-brand,Plus morphs to cursor blink (300ms). Bubble scales in.,New conversation,"bot, message-circle","MessageCircle, Bot"
200,AI,audio-lines,voice-wave speech sound-wave ai-voice transcribe,Lucide,import { AudioLines } from 'lucide-react',<AudioLines />,Voice waveform. Speech indicator. AI voice. Audio transcription.,Outline,20-24,text-brand | speaking: animate-pulse,Bars dance at random heights (400ms loop). Steady on pause.,Voice / audio AI,"mic, bot, headphones","Mic, SoundWave, Bot"