No	Product Type	Keywords	Primary Style Recommendation	Secondary Styles	Landing Page Pattern	Dashboard Style (if applicable)	Color Palette Focus	Key Considerations	AI Integration Level	Automation Potential	Personalization Depth	Market Maturity	Accessibility Priority
1	SaaS (General)	saas, b2b, cloud, software, subscription, platform	Glassmorphism + Flat Design	Soft UI Evolution, Minimalism	Hero + Features + CTA	Data-Dense + Real-Time Monitoring	Trust blue + accent contrast	Balance modern feel with clarity. Focus on CTAs. Onboarding flows critical.	Moderate	Medium	Behavioral	Mature	Standard
2	Micro SaaS	micro-saas, indie, niche, solo, saas, subscription, lightweight	Flat Design + Vibrant & Block	Motion-Driven, Micro-interactions	Minimal & Direct + Demo	Executive Dashboard	Vibrant primary + white space	Keep simple, show product quickly. Speed is key. Single-purpose clarity.	Basic	Low	Segment-Based	Growing	Standard
3	E-commerce (General)	ecommerce, retail, shop, store, products, buy, sell	Vibrant & Block-based	Aurora UI, Motion-Driven	Feature-Rich Showcase	Sales Intelligence Dashboard	Brand primary + success green	Engagement & conversions. High visual hierarchy. AI-powered recommendations.	Moderate	High	Predictive	Mature	Standard
4	E-commerce Luxury	luxury, ecommerce, premium, high-end, exclusive, retail	Liquid Glass + Glassmorphism	3D & Hyperrealism, Aurora UI	Feature-Rich Showcase	Sales Intelligence Dashboard	Premium colors + minimal accent	Elegance & sophistication. Premium materials. White-glove digital experience.	Moderate	Medium	Behavioral	Mature	Standard
5	Service Landing Page	landing-page, service, conversion, marketing, booking	Hero-Centric + Trust & Authority	Social Proof-Focused, Storytelling	Hero-Centric Design	N/A - Analytics for conversions	Brand primary + trust colors	Social proof essential. Show expertise. Clear value proposition above fold.	Basic	Low	Generic	Mature	Standard
6	B2B Service Platform	b2b, enterprise, corporate, service, consultation, business	Trust & Authority + Minimal	Feature-Rich, Conversion-Optimized	Feature-Rich Showcase	Sales Intelligence Dashboard	Professional blue + neutral grey	Credibility essential. Clear ROI messaging. Case studies and metrics.	Moderate	Medium	Segment-Based	Mature	Standard
7	Financial Dashboard	financial, dashboard, analytics, data, banking, portfolio	Dark Mode (OLED) + Data-Dense	Minimalism, Accessible & Ethical	N/A - Dashboard focused	Financial Dashboard	Dark bg + red/green alerts + trust blue	High contrast, real-time updates, accuracy paramount. Regulatory compliance.	Advanced	High	Behavioral	Mature	Enhanced
8	Analytics Dashboard	analytics, dashboard, data, visualization, metrics, reporting	Data-Dense + Heat Map	Minimalism, Dark Mode (OLED)	N/A - Analytics focused	Drill-Down Analytics + Comparative	Cool-to-hot gradients + neutral grey	Clarity over aesthetics. Color-coded data priority. Drill-down capability.	Advanced	High	Behavioral	Mature	Standard
9	Healthcare App	healthcare, medical, patient, clinic, health, telehealth	Neumorphism + Accessible & Ethical	Soft UI Evolution, Claymorphism	Social Proof-Focused	User Behavior Analytics	Calm blue + health green + trust	Accessibility mandatory. Calming aesthetic. HIPAA compliance. Telehealth-ready.	Moderate	Medium	Behavioral	Growing	Critical
10	Educational App	education, learning, course, school, training, edtech	Claymorphism + Micro-interactions	Vibrant & Block-based, Flat Design	Storytelling-Driven	User Behavior Analytics	Playful colors + clear hierarchy	Engagement & ease of use. Age-appropriate design. Adaptive learning paths.	Moderate	Medium	Behavioral	Growing	Enhanced
11	Creative Agency	agency, creative, design, studio, branding	Brutalism + Motion-Driven	Retro-Futurism, Storytelling-Driven	Storytelling-Driven	N/A - Portfolio focused	Bold primaries + artistic freedom	Differentiation key. Wow-factor necessary. Portfolio-first design.	Basic	Low	Generic	Mature	Standard
12	Portfolio / Personal Brand	portfolio, personal, showcase, projects, creative, freelance	Motion-Driven + Minimalism	Brutalism, Aurora UI	Storytelling-Driven	N/A - Personal branding	Brand primary + artistic interpretation	Showcase work. Personality shine through. Fast loading. Mobile-first.	Basic	Low	Generic	Mature	Standard
13	Gaming Platform	gaming, esports, game, entertainment, play, streaming	3D & Hyperrealism + Retro-Futurism	Motion-Driven, Vibrant & Block	Feature-Rich Showcase	N/A - Game focused	Vibrant + neon + immersive colors	Immersion priority. Performance critical. Low latency. Community features.	Moderate	Medium	Predictive	Mature	Standard
14	Government / Public Service	government, public, civic, service, municipal, compliance	Accessible & Ethical + Minimalism	Flat Design, Inclusive Design	Minimal & Direct	Executive Dashboard	Professional blue + high contrast	WCAG AAA mandatory. Trust paramount. Multi-language support. Data transparency.	Basic	Medium	Generic	Mature	Critical
15	Fintech / Crypto	fintech, crypto, defi, blockchain, payment, web3, banking	Glassmorphism + Dark Mode (OLED)	Retro-Futurism, Motion-Driven	Conversion-Optimized	Real-Time Monitoring + Predictive	Dark tech colors + trust + vibrant accents	Security perception. Real-time data critical. Wallet integration. Compliance.	Advanced	High	Predictive	Growing	Enhanced
16	Social Media App	social, community, content, network, sharing, media, engagement	Vibrant & Block-based + Motion-Driven	Aurora UI, Micro-interactions	Feature-Rich Showcase	User Behavior Analytics	Vibrant + engagement colors	Engagement & retention. Ethical design patterns. Content moderation tools.	Advanced	High	Hyper-Personal	Mature	Standard
17	Productivity Tool	productivity, task, workflow, collaboration, project, efficiency	Flat Design + Micro-interactions	Minimalism, Soft UI Evolution	Interactive Product Demo	Drill-Down Analytics	Clear hierarchy + functional colors	Ease of use. Speed & efficiency focus. Keyboard-first navigation.	Moderate	High	Behavioral	Mature	Enhanced
18	Design System / Component Library	design-system, component, library, ui-kit, tokens	Minimalism + Accessible & Ethical	Flat Design, Zero Interface	Feature-Rich Showcase	N/A - Dev focused	Clear hierarchy + code-like structure	Consistency. Developer-first approach. Token-based theming. Documentation.	Basic	Low	Generic	Growing	Enhanced
19	AI / Chatbot Platform	ai, chatbot, llm, conversational-ai, automation, ml, nlp	AI-Native UI + Minimalism	Zero Interface, Glassmorphism	Interactive Product Demo	AI/ML Analytics Dashboard	Neutral + AI Purple (#6366F1)	Conversational UI. Streaming text. Context awareness. Minimal chrome. Agent orchestration.	Full	Very High	Hyper-Personal	Growing	Standard
20	NFT / Web3 Platform	nft, web3, blockchain, digital-collectibles, decentralized	Cyberpunk UI + Glassmorphism	Aurora UI, 3D & Hyperrealism	Feature-Rich Showcase	Crypto/Blockchain Dashboard	Dark + Neon + Gold (#FFD700)	Wallet integration. Transaction feedback. Gas fees display. Dark mode essential.	Moderate	Medium	Behavioral	Emerging	Standard
21	Creator Economy Platform	creator, monetization, content, influencer, economy, platform	Vibrant & Block-based + Bento Box Grid	Motion-Driven, Aurora UI	Social Proof-Focused	User Behavior Analytics	Vibrant + Brand colors	Creator profiles. Monetization display. Engagement metrics. Social proof.	Moderate	Medium	Behavioral	Growing	Standard
22	Sustainability / ESG Platform	sustainability, esg, carbon, climate, green, compliance	Organic Biophilic + Minimalism	Accessible & Ethical, Flat Design	Trust & Authority	Energy/Utilities Dashboard	Green (#228B22) + Earth tones	Carbon footprint visuals. Progress indicators. Certification badges. Regulatory reporting.	Moderate	Medium	Segment-Based	Growing	Enhanced
23	Remote Work / Collaboration Tool	remote, collaboration, hybrid, workspace, team, async	Soft UI Evolution + Minimalism	Glassmorphism, Micro-interactions	Feature-Rich Showcase	Drill-Down Analytics	Calm Blue + Neutral grey	Real-time collaboration. Status indicators. Video integration. Async-first design.	Advanced	High	Behavioral	Mature	Enhanced
24	Mental Health App	mental-health, therapy, wellness, mindfulness, self-care	Neumorphism + Accessible & Ethical	Claymorphism, Soft UI Evolution	Social Proof-Focused	Healthcare Analytics	Calm Pastels + Trust colors	Calming aesthetics. Privacy-first. Crisis resources. Progress tracking. Accessibility mandatory.	Moderate	Medium	Predictive	Growing	Critical
25	Pet Tech App	pet, animal, health-tracking, vet, pet-care	Claymorphism + Vibrant & Block-based	Micro-interactions, Flat Design	Storytelling-Driven	User Behavior Analytics	Playful + Warm colors	Pet profiles. Health tracking. Playful UI. Photo galleries. Vet integration.	Moderate	Medium	Behavioral	Growing	Standard
26	Smart Home / IoT Dashboard	smart-home, iot, connected-devices, automation, home	Glassmorphism + Dark Mode (OLED)	Minimalism, AI-Native UI	Interactive Product Demo	Real-Time Monitoring	Dark + Status indicator colors	Device status. Real-time controls. Energy monitoring. Automation rules. Voice integration.	Advanced	Very High	Predictive	Growing	Standard
27	EV / Charging Ecosystem	ev, charging, electric-vehicle, energy, mobility	Minimalism + Aurora UI	Glassmorphism, Organic Biophilic	Hero-Centric Design	Energy/Utilities Dashboard	Electric Blue (#009CD1) + Green	Charging station maps. Range estimation. Cost calculation. Environmental impact.	Moderate	Medium	Behavioral	Growing	Standard
28	Subscription Box Service	subscription, box, recurring, membership, curation	Vibrant & Block-based + Motion-Driven	Claymorphism, Aurora UI	Feature-Rich Showcase	E-commerce Analytics	Brand + Excitement colors	Unboxing experience. Personalization quiz. Subscription management. Product reveals.	Moderate	Medium	Predictive	Mature	Standard
29	Podcast Platform	podcast, audio, creator, episodes, streaming	Dark Mode (OLED) + Minimalism	Motion-Driven, Vibrant & Block-based	Storytelling-Driven	Media/Entertainment Dashboard	Dark + Audio waveform accents	Audio player UX. Episode discovery. Creator tools. AI transcription. Analytics.	Moderate	Medium	Predictive	Growing	Standard
30	Dating App	dating, matching, social, relationships, connections	Vibrant & Block-based + Motion-Driven	Aurora UI, Glassmorphism	Social Proof-Focused	User Behavior Analytics	Warm + Romantic (Pink/Red gradients)	Profile cards. Swipe interactions. Match animations. Safety features. AI matching.	Advanced	High	Hyper-Personal	Mature	Standard
31	Micro-Credentials / Badges Platform	credentials, badges, certification, verification, skills	Minimalism + Flat Design	Accessible & Ethical, Swiss Modernism 2.0	Trust & Authority	Education Dashboard	Trust Blue + Gold (#FFD700)	Credential verification. Badge display. Progress tracking. Blockchain verification.	Moderate	Medium	Segment-Based	Emerging	Enhanced
32	Knowledge Base / Documentation	documentation, knowledge-base, wiki, help-center, faq	Minimalism + Accessible & Ethical	Swiss Modernism 2.0, Flat Design	FAQ/Documentation	N/A - Documentation focused	Clean hierarchy + minimal color	Search-first. Clear navigation. Code highlighting. Version switching. AI search.	Moderate	Medium	Segment-Based	Mature	Enhanced
33	Hyperlocal Services	hyperlocal, local, on-demand, services, neighborhood	Minimalism + Vibrant & Block-based	Micro-interactions, Flat Design	Conversion-Optimized	Drill-Down Analytics + Map	Location markers + Trust colors	Map integration. Service categories. Provider profiles. Booking system. Reviews.	Moderate	Medium	Behavioral	Growing	Standard
34	Beauty / Spa / Wellness Service	beauty, spa, wellness, skincare, self-care, booking	Soft UI Evolution + Neumorphism	Glassmorphism, Minimalism	Hero-Centric Design + Social Proof	User Behavior Analytics	Soft pastels (Pink/Sage) + Cream + Gold	Calming aesthetic. Booking system. Service menu. Before/after gallery. Testimonials.	Basic	Medium	Behavioral	Mature	Standard
35	Luxury / Premium Brand	luxury, premium, brand, high-end, exclusive, fashion	Liquid Glass + Glassmorphism	Minimalism, 3D & Hyperrealism	Storytelling-Driven + Feature-Rich	Sales Intelligence Dashboard	Black + Gold (#FFD700) + White	Elegance paramount. Premium imagery. Storytelling. High-quality visuals. Exclusive feel.	Basic	Low	Segment-Based	Mature	Standard
36	Restaurant / Food Service	restaurant, food, delivery, menu, order, dining	Vibrant & Block-based + Motion-Driven	Claymorphism, Flat Design	Hero-Centric Design + Conversion	N/A - Booking focused	Warm colors (Orange/Red/Brown)	Menu display. Online ordering. Reservation system. Food photography. Location prominent.	Moderate	Medium	Behavioral	Mature	Standard
37	Fitness / Gym App	fitness, gym, workout, exercise, health, training	Vibrant & Block-based + Dark Mode (OLED)	Motion-Driven, Neumorphism	Feature-Rich Showcase	User Behavior Analytics	Energetic (Orange #FF6B35 + Electric Blue) + Dark	Progress tracking. Workout plans. Community features. Wearable integration. AI coaching.	Advanced	High	Predictive	Growing	Standard
38	Real Estate / Property	real-estate, property, housing, rent, buy, listings	Glassmorphism + Minimalism	Motion-Driven, 3D & Hyperrealism	Hero-Centric Design + Feature-Rich	Sales Intelligence Dashboard	Trust Blue (#0077B6) + Gold + White	Property listings. Virtual tours. Map integration. AI valuation. Mortgage calculator.	Moderate	Medium	Behavioral	Mature	Standard
39	Travel / Tourism Agency	travel, tourism, booking, vacation, flight, hotel	Aurora UI + Motion-Driven	Vibrant & Block-based, Glassmorphism	Storytelling-Driven + Hero-Centric	Booking Analytics	Vibrant destination colors + Sky Blue	Destination showcase. Booking system. Itinerary builder. AI trip planning. Mobile-first.	Advanced	High	Hyper-Personal	Mature	Standard
40	Hotel / Hospitality	hotel, hospitality, resort, accommodation, booking	Liquid Glass + Minimalism	Glassmorphism, Soft UI Evolution	Hero-Centric Design + Social Proof	Revenue Management Dashboard	Warm neutrals + Gold (#D4AF37)	Room booking. Amenities showcase. Guest reviews. Dynamic pricing. Luxury imagery.	Moderate	Medium	Behavioral	Mature	Standard
41	Wedding / Event Planning	wedding, event, planning, celebration, venue	Soft UI Evolution + Aurora UI	Glassmorphism, Motion-Driven	Storytelling-Driven + Social Proof	N/A - Planning focused	Soft Pink (#FFD6E0) + Gold + Cream	Portfolio gallery. Vendor directory. Planning tools. Timeline. Budget tracker.	Basic	Low	Segment-Based	Mature	Standard
42	Legal Services	legal, law, attorney, compliance, contract, firm	Trust & Authority + Minimalism	Accessible & Ethical, Swiss Modernism 2.0	Trust & Authority + Minimal	Case Management Dashboard	Navy Blue (#1E3A5F) + Gold + White	Credibility paramount. Practice areas. Attorney profiles. AI contract review.	Moderate	Medium	Segment-Based	Mature	Enhanced
43	Insurance Platform	insurance, policy, claims, coverage, risk, underwriting	Trust & Authority + Flat Design	Accessible & Ethical, Minimalism	Conversion-Optimized + Trust	Claims Analytics Dashboard	Trust Blue (#0066CC) + Green + Neutral	Quote calculator. Policy comparison. Claims automation. AI risk assessment.	Advanced	High	Predictive	Mature	Enhanced
44	Banking / Traditional Finance	banking, finance, accounts, transactions, savings	Minimalism + Accessible & Ethical	Trust & Authority, Dark Mode (OLED)	Trust & Authority + Feature-Rich	Financial Dashboard	Navy (#0A1628) + Trust Blue + Gold	Security-first. Account overview. Transaction history. Mobile banking. Accessibility.	Advanced	High	Behavioral	Mature	Critical
45	Online Course / E-learning	e-learning, online-course, mooc, education, training	Claymorphism + Vibrant & Block-based	Motion-Driven, Flat Design	Feature-Rich Showcase + Social Proof	Education Dashboard	Vibrant learning colors + Progress green	Course catalog. Progress tracking. Video player. AI tutoring. Gamification.	Advanced	High	Predictive	Growing	Enhanced
46	Non-profit / Charity	nonprofit, charity, donation, cause, social-impact	Accessible & Ethical + Organic Biophilic	Minimalism, Storytelling-Driven	Storytelling-Driven + Trust	Donation Analytics Dashboard	Cause-related colors + Trust + Warm	Impact stories. Donation flow. Transparency reports. Volunteer signup. Emotional design.	Basic	Low	Generic	Mature	Enhanced
47	Music Streaming	music, streaming, audio, playlist, artist	Dark Mode (OLED) + Vibrant & Block-based	Motion-Driven, Aurora UI	Feature-Rich Showcase	Media/Entertainment Dashboard	Dark (#121212) + Vibrant accents	Audio player. Playlist management. AI-generated playlists. Social features.	Advanced	High	Hyper-Personal	Mature	Standard
48	Video Streaming / OTT	video, streaming, ott, content, entertainment	Dark Mode (OLED) + Motion-Driven	Glassmorphism, Vibrant & Block-based	Hero-Centric Design + Feature-Rich	Media/Entertainment Dashboard	Dark bg + Content poster colors	Video player. Content discovery. AI recommendations. Continue watching. Personalization.	Full	Very High	Hyper-Personal	Mature	Standard
49	Job Board / Recruitment	job-board, recruitment, hiring, careers, talent	Flat Design + Minimalism	Vibrant & Block-based, Accessible & Ethical	Conversion-Optimized + Feature-Rich	HR Analytics Dashboard	Professional Blue + Success Green	Job listings. AI matching. Company profiles. Application tracking. Salary insights.	Advanced	High	Predictive	Mature	Enhanced
50	Marketplace (P2P)	marketplace, p2p, buyers, sellers, listings, platform	Vibrant & Block-based + Flat Design	Micro-interactions, Trust & Authority	Feature-Rich Showcase + Social Proof	E-commerce Analytics	Trust colors + Category colors + Green	Seller/buyer profiles. Reviews/ratings. Secure payment. AI fraud detection. Trust badges.	Moderate	Medium	Behavioral	Mature	Standard
51	Logistics / Delivery	logistics, delivery, shipping, tracking, fleet	Minimalism + Flat Design	Dark Mode (OLED), Micro-interactions	Feature-Rich Showcase + Conversion	Real-Time Monitoring + Route Analytics	Blue (#2563EB) + Orange + Green	Real-time tracking. Route optimization. AI dispatch. Driver management. Map integration.	Advanced	Very High	Behavioral	Growing	Standard
52	Agriculture / Farm Tech	agriculture, farming, agritech, crop, iot, precision	Organic Biophilic + Flat Design	Minimalism, Accessible & Ethical	Feature-Rich Showcase + Trust	IoT Sensor Dashboard	Earth Green (#4A7C23) + Brown + Sky Blue	Crop monitoring. Weather data. IoT sensors. AI yield prediction. Market prices.	Advanced	High	Segment-Based	Growing	Standard
53	Construction / Architecture	construction, architecture, building, project, engineering	Minimalism + 3D & Hyperrealism	Brutalism, Swiss Modernism 2.0	Hero-Centric Design + Feature-Rich	Project Management Dashboard	Grey (#4A4A4A) + Orange + Blueprint Blue	Project portfolio. 3D renders. BIM integration. Timeline. Team collaboration.	Moderate	Medium	Segment-Based	Mature	Standard
54	Automotive / Car Dealership	automotive, car, dealership, vehicle, ev, mobility	Motion-Driven + 3D & Hyperrealism	Dark Mode (OLED), Glassmorphism	Hero-Centric Design + Feature-Rich	Sales Intelligence Dashboard	Brand colors + Metallic accents	Vehicle showcase. 360Â° views. Comparison tools. Financing calculator. AR preview.	Moderate	Medium	Behavioral	Mature	Standard
55	Photography Studio	photography, studio, visual, portfolio, creative	Motion-Driven + Minimalism	Aurora UI, Glassmorphism	Storytelling-Driven + Hero-Centric	N/A - Portfolio focused	Black + White + Minimal accent	Portfolio gallery. Before/after. Service packages. Booking system. Full-bleed imagery.	Basic	Low	Generic	Mature	Standard
56	Coworking Space	coworking, workspace, office, hybrid, community	Vibrant & Block-based + Glassmorphism	Minimalism, Motion-Driven	Hero-Centric Design + Feature-Rich	Occupancy Dashboard	Energetic colors + Wood tones	Space tour. Membership plans. Booking system. Community events. Virtual tour.	Moderate	Medium	Segment-Based	Growing	Standard
57	Cleaning Service	cleaning, service, home, commercial, booking	Soft UI Evolution + Flat Design	Minimalism, Micro-interactions	Conversion-Optimized + Trust	Service Analytics	Fresh Blue (#00B4D8) + White + Green	Service packages. Booking system. Price calculator. Before/after. Trust badges.	Basic	Medium	Generic	Mature	Standard
58	Home Services (Trades)	home-services, plumber, electrician, handyman, repair	Flat Design + Trust & Authority	Minimalism, Accessible & Ethical	Conversion-Optimized + Trust	Service Analytics	Trust Blue + Safety Orange + Grey	Service list. Emergency contact. Booking. Price transparency. Certifications.	Basic	Medium	Generic	Mature	Standard
59	Childcare / Daycare	childcare, daycare, preschool, kids, family	Claymorphism + Vibrant & Block-based	Soft UI Evolution, Accessible & Ethical	Social Proof-Focused + Trust	Parent Dashboard	Playful pastels + Safe colors + Warm	Programs. Staff profiles. Safety certifications. Parent portal. Activity updates.	Basic	Low	Segment-Based	Mature	Critical
60	Senior Care / Elderly	senior-care, elderly, assisted-living, aging, health	Accessible & Ethical + Soft UI Evolution	Minimalism, Neumorphism	Trust & Authority + Social Proof	Healthcare Analytics	Calm Blue + Warm neutrals + Large text	Care services. Staff qualifications. Family portal. Large touch targets. High contrast.	Moderate	Medium	Segment-Based	Growing	Critical
61	Medical Clinic	medical, clinic, doctor, healthcare, patient, telehealth	Accessible & Ethical + Minimalism	Neumorphism, Trust & Authority	Trust & Authority + Conversion	Healthcare Analytics	Medical Blue (#0077B6) + White + Green	Services. Doctor profiles. Online booking. Patient portal. HIPAA compliant. AI triage.	Moderate	Medium	Behavioral	Mature	Critical
62	Pharmacy / Drug Store	pharmacy, medication, prescription, health, drugstore	Flat Design + Accessible & Ethical	Minimalism, Trust & Authority	Conversion-Optimized + Trust	Inventory Dashboard	Pharmacy Green + Trust Blue + White	Product catalog. Prescription upload. Refill reminders. AI drug interaction check.	Moderate	Medium	Behavioral	Mature	Enhanced
63	Dental Practice	dental, dentist, oral-health, clinic, smile	Soft UI Evolution + Minimalism	Accessible & Ethical, Trust & Authority	Social Proof-Focused + Conversion	Patient Analytics	Fresh Blue + White + Smile Yellow	Services. Dentist profiles. Before/after. Online booking. Patient testimonials.	Basic	Low	Segment-Based	Mature	Enhanced
64	Veterinary Clinic	veterinary, vet, animal-health, pet, clinic	Claymorphism + Accessible & Ethical	Soft UI Evolution, Flat Design	Social Proof-Focused + Trust	Pet Health Dashboard	Caring Blue + Pet-friendly colors	Pet services. Vet profiles. Online booking. Pet portal. Emergency info.	Basic	Low	Segment-Based	Mature	Standard
65	Florist / Plant Shop	florist, plants, flowers, garden, botanical	Organic Biophilic + Vibrant & Block-based	Aurora UI, Motion-Driven	Hero-Centric Design + Conversion	E-commerce Analytics	Natural Green + Floral pinks + Earth tones	Product catalog. Occasion categories. Delivery scheduling. Care guides.	Basic	Low	Segment-Based	Mature	Standard
66	Bakery / Cafe	bakery, cafe, pastry, food, artisan	Vibrant & Block-based + Soft UI Evolution	Claymorphism, Motion-Driven	Hero-Centric Design + Conversion	N/A - Order focused	Warm Brown + Cream + Appetizing accents	Menu display. Online ordering. Location/hours. Catering. Seasonal specials.	Basic	Low	Generic	Mature	Standard
67	Coffee Shop	coffee, cafe, roastery, specialty, beverage	Minimalism + Organic Biophilic	Soft UI Evolution, Flat Design	Hero-Centric Design + Conversion	N/A - Order focused	Coffee Brown (#6F4E37) + Cream + Warm	Menu. Online ordering. Loyalty program. Origin story. Cozy aesthetic.	Basic	Low	Generic	Mature	Standard
68	Brewery / Winery	brewery, winery, craft, spirits, tasting	Motion-Driven + Storytelling-Driven	Dark Mode (OLED), Organic Biophilic	Storytelling-Driven + Hero-Centric	N/A - E-commerce focused	Deep amber/burgundy + Gold + Craft	Product showcase. Heritage story. Tasting notes. Events. Club membership.	Basic	Low	Segment-Based	Mature	Standard
69	Airline / Aviation	airline, aviation, flights, travel, booking, mobility	Minimalism + Glassmorphism	Motion-Driven, Accessible & Ethical	Conversion-Optimized + Feature-Rich	Operations Dashboard	Sky Blue + Brand colors + Trust	Flight search. Booking. Check-in. Boarding pass. Loyalty program. Mobile-first.	Advanced	High	Predictive	Mature	Enhanced
70	News / Media Platform	news, media, journalism, publishing, editorial	Minimalism + Flat Design	Dark Mode (OLED), Accessible & Ethical	Hero-Centric Design + Feature-Rich	Media Analytics Dashboard	Brand colors + High contrast + Category	Article layout. Breaking news. AI curation. Subscription. Fast loading.	Advanced	High	Predictive	Mature	Enhanced
71	Magazine / Blog	magazine, blog, editorial, content, writing	Swiss Modernism 2.0 + Motion-Driven	Minimalism, Aurora UI	Storytelling-Driven + Hero-Centric	Content Analytics	Editorial colors + Brand primary + White	Article showcase. Category navigation. Author profiles. Newsletter. Typography-focused.	Moderate	Medium	Behavioral	Mature	Standard
72	Freelancer Platform	freelancer, gig, marketplace, talent, remote-work	Flat Design + Minimalism	Vibrant & Block-based, Micro-interactions	Feature-Rich Showcase + Conversion	Marketplace Analytics	Professional Blue + Success Green	Profile creation. Portfolio. AI skill matching. Messaging. Payment. Reviews.	Advanced	High	Predictive	Growing	Standard
73	Consulting Firm	consulting, advisory, strategy, management, professional	Trust & Authority + Minimalism	Swiss Modernism 2.0, Accessible & Ethical	Trust & Authority + Feature-Rich	N/A - Lead generation	Navy + Gold + Professional grey	Service areas. Case studies. Team profiles. Thought leadership. Professional credibility.	Basic	Low	Generic	Mature	Standard
74	Marketing Agency	marketing, agency, digital, advertising, growth	Brutalism + Motion-Driven	Vibrant & Block-based, Aurora UI	Storytelling-Driven + Feature-Rich	Campaign Analytics	Bold brand colors + Creative freedom	Portfolio. Case studies. Services. Creative showcase. Results-focused. Bold aesthetic.	Moderate	Medium	Segment-Based	Mature	Standard
75	Event Management	event, conference, meetup, registration, ticketing	Vibrant & Block-based + Motion-Driven	Glassmorphism, Aurora UI	Hero-Centric Design + Feature-Rich	Event Analytics	Event theme colors + Excitement accents	Event showcase. Registration. Agenda. Speakers. Sponsors. Countdown timer.	Moderate	Medium	Segment-Based	Mature	Standard
76	Conference / Webinar Platform	conference, webinar, virtual-event, streaming, networking	Glassmorphism + Minimalism	Motion-Driven, Flat Design	Feature-Rich Showcase + Conversion	Attendee Analytics	Professional Blue + Video accent	Registration. Agenda. Speaker profiles. Live stream. AI networking. Recording access.	Advanced	High	Behavioral	Growing	Enhanced
77	Membership / Community	community, membership, forum, group, exclusive	Vibrant & Block-based + Soft UI Evolution	Bento Box Grid, Micro-interactions	Social Proof-Focused + Conversion	Community Analytics	Community brand colors + Engagement	Member benefits. Pricing tiers. Community showcase. Events. Exclusive content.	Moderate	Medium	Behavioral	Growing	Standard
78	Newsletter Platform	newsletter, email, subscriber, content, publishing	Minimalism + Flat Design	Swiss Modernism 2.0, Accessible & Ethical	Minimal & Direct + Conversion	Email Analytics	Brand primary + Clean white + CTA accent	Subscribe form. Archive. Social proof. Sample content. Simple conversion.	Moderate	Medium	Behavioral	Growing	Standard
79	Digital Products / Downloads	digital-products, downloads, templates, assets, ebooks	Vibrant & Block-based + Motion-Driven	Glassmorphism, Bento Box Grid	Feature-Rich Showcase + Conversion	E-commerce Analytics	Product category colors + Brand + Green	Product showcase. Preview. Pricing. Instant delivery. License management.	Basic	Medium	Segment-Based	Mature	Standard
80	Church / Religious Organization	church, religious, faith, community, worship	Accessible & Ethical + Soft UI Evolution	Minimalism, Trust & Authority	Hero-Centric Design + Social Proof	N/A - Community focused	Warm Gold + Deep Purple/Blue + White	Service times. Events. Sermons. Community. Giving. Welcoming imagery.	None	Low	Generic	Mature	Enhanced
81	Sports Team / Club	sports, team, club, athletics, fan, league	Vibrant & Block-based + Motion-Driven	Dark Mode (OLED), 3D & Hyperrealism	Hero-Centric Design + Feature-Rich	Performance Analytics	Team colors + Energetic accents	Schedule. Roster. News. Tickets. Merchandise. Fan engagement. Action imagery.	Moderate	Medium	Behavioral	Mature	Standard
82	Museum / Gallery	museum, gallery, art, exhibition, culture	Minimalism + Motion-Driven	Swiss Modernism 2.0, 3D & Hyperrealism	Storytelling-Driven + Feature-Rich	Visitor Analytics	Art-appropriate neutrals + Exhibition accents	Exhibitions. Collections. Tickets. Virtual tours. Educational content. Art-focused.	Moderate	Low	Segment-Based	Mature	Enhanced
83	Theater / Cinema	theater, cinema, film, entertainment, showtime	Dark Mode (OLED) + Motion-Driven	Vibrant & Block-based, Glassmorphism	Hero-Centric Design + Conversion	Booking Analytics	Dark + Spotlight accents + Gold	Showtimes. Seat selection. Trailers. Coming soon. Membership. Dramatic imagery.	Moderate	Medium	Behavioral	Mature	Standard
84	Language Learning App	language, learning, translation, fluency, education	Claymorphism + Vibrant & Block-based	Micro-interactions, Flat Design	Feature-Rich Showcase + Social Proof	Learning Analytics	Playful colors + Progress indicators	Lesson structure. Progress tracking. Gamification. AI conversation practice. Badges.	Advanced	High	Hyper-Personal	Growing	Enhanced
85	Coding Bootcamp	coding, bootcamp, developer, programming, career	Dark Mode (OLED) + Minimalism	Cyberpunk UI, Flat Design	Feature-Rich Showcase + Social Proof	Student Analytics	Code editor colors + Brand + Green	Curriculum. Projects. Career outcomes. AI code review. Terminal aesthetic.	Advanced	Medium	Behavioral	Growing	Standard
86	Cybersecurity Platform	cybersecurity, security, threat, compliance, soc	Cyberpunk UI + Dark Mode (OLED)	Neubrutalism, Minimal & Direct	Trust & Authority + Real-Time	Real-Time Monitoring + Heat Map	Matrix Green + Deep Black + Terminal	Data density. Threat visualization. AI threat detection. Dark mode default.	Full	Very High	Segment-Based	Growing	Enhanced
87	Developer Tool / IDE	developer-tool, ide, devops, api, sdk, cli	Dark Mode (OLED) + Minimalism	Flat Design, Bento Box Grid	Minimal & Direct + Documentation	Real-Time Monitor + Terminal	Dark syntax theme + Blue focus	Keyboard shortcuts. Syntax highlighting. Fast performance. AI code assist.	Advanced	High	Behavioral	Growing	Standard
88	Biotech / Life Sciences	biotech, life-sciences, pharma, genomics, research	Glassmorphism + Clean Science	Minimalism, Organic Biophilic	Storytelling-Driven + Research	Data-Dense + Predictive	Sterile White + DNA Blue + Life Green	Data accuracy. Complex data visualization. Regulatory compliance. AI drug discovery.	Full	High	Segment-Based	Growing	Enhanced
89	Space Tech / Aerospace	space, aerospace, satellite, rocket, telemetry	Holographic / HUD + Dark Mode	Glassmorphism, 3D & Hyperrealism	Immersive Experience + Hero	Real-Time Monitoring + 3D	Deep Space Black + Star White + Metallic	High-tech feel. Precision. Telemetry data. Mission-critical reliability.	Advanced	Medium	Segment-Based	Emerging	Standard
90	Architecture / Interior Design	architecture, interior-design, spatial, visualization	Exaggerated Minimalism + High Imagery	Swiss Modernism 2.0, Parallax	Portfolio Grid + Visuals	Project Management + Gallery	Monochrome + Gold Accent + High Imagery	High-res images. Typography. Space. 3D walkthroughs. Material palettes.	Moderate	Low	Segment-Based	Mature	Standard
91	Quantum Computing Interface	quantum, computing, qubit, physics, simulation	Holographic / HUD + Dark Mode	Glassmorphism, Spatial UI	Immersive/Interactive Experience	3D Spatial Data + Real-Time Monitor	Quantum Blue #00FFFF + Deep Black	Visualize complexity. Qubit states. Probability clouds. High-tech trust.	Full	High	Segment-Based	Emerging	Standard
92	Biohacking / Longevity App	biohacking, longevity, health-tracking, wellness, biomarkers	Biomimetic / Organic 2.0	Minimalism, Dark Mode (OLED)	Data-Dense + Storytelling	Real-Time Monitor + Biological Data	Cellular Pink/Red + DNA Blue + White	Personal data privacy. Scientific credibility. Biological visualizations. Wearable sync.	Advanced	High	Hyper-Personal	Emerging	Standard
93	Autonomous Drone Fleet Manager	drone, autonomous, fleet, aerial, logistics, robotics	HUD / Sci-Fi FUI	Real-Time Monitor, Spatial UI	Real-Time Monitor	Geographic + Real-Time	Tactical Green #00FF00 + Alert Red + Dark	Real-time telemetry. 3D spatial awareness. Latency indicators. Safety alerts.	Full	Very High	Segment-Based	Emerging	Standard
94	Generative Art Platform	generative-art, ai-art, creative, gallery, nft	Minimalism (Frame) + Gen Z Chaos	Masonry Grid, Dark Mode	Bento Grid Showcase	Gallery / Portfolio	Neutral #F5F5F5 (Canvas) + User Content	Content is king. Fast loading. Creator attribution. AI generation tools.	Advanced	Medium	Behavioral	Growing	Standard
95	Spatial Computing OS / App	spatial-computing, vr, ar, mixed-reality, xr, vision	Spatial UI (VisionOS)	Glassmorphism, 3D & Hyperrealism	Immersive/Interactive Experience	Spatial Dashboard	Frosted Glass + System Colors + Depth	Gaze/Pinch interaction. Depth hierarchy. Environment awareness. Hand tracking.	Advanced	Medium	Behavioral	Emerging	Enhanced
96	Sustainable Energy / Climate Tech	climate-tech, energy, sustainable, green, carbon, solar	Organic Biophilic + E-Ink / Paper	Data-Dense, Swiss Modernism	Interactive Demo + Data	Energy/Utilities Dashboard	Earth Green + Sky Blue + Solar Yellow	Data transparency. Impact visualization. Low-carbon web design. Grid analytics.	Advanced	High	Segment-Based	Growing	Enhanced
97	AI Agent Orchestration Platform	ai-agent, orchestration, multi-agent, autonomous, llm, workflow	AI-Native UI + Dark Mode (OLED)	Zero Interface, Glassmorphism	Interactive Product Demo + Feature-Rich	AI/ML Analytics + Agent Flow	AI Purple (#6366F1) + Neural Blue + Dark	Agent workflow visualization. Real-time agent status. Token usage. Chain-of-thought display. Error recovery flows.	Full	Very High	Predictive	Emerging	Standard
98	Voice AI / Conversational Platform	voice-ai, speech, conversational, assistant, nlp, tts	AI-Native UI + Minimalism	Glassmorphism, Motion-Driven	Interactive Product Demo	Real-Time Audio Analytics	Waveform Blue + Neutral + AI Purple	Voice waveform visualization. Latency indicators. Conversation flow. Multi-language. Real-time transcription.	Full	Very High	Hyper-Personal	Growing	Enhanced
99	AI-Powered Code Generation Tool	code-generation, ai-coding, copilot, developer, automation	Dark Mode (OLED) + AI-Native UI	Minimalism, Flat Design	Minimal & Direct + Demo	Developer Analytics + Usage	Syntax Dark + AI Purple + Success Green	Inline suggestions. Diff views. Context awareness. Multi-language support. Token efficiency display.	Full	Very High	Predictive	Growing	Standard
100	Synthetic Media / Deepfake Detection	synthetic-media, deepfake, detection, verification, trust	Cyberpunk UI + Trust & Authority	Dark Mode (OLED), Data-Dense	Trust & Authority + Interactive Demo	Threat Detection Dashboard	Alert Red + Trust Blue + Forensic Grey	Media authenticity scoring. Provenance tracking. Watermark detection. Confidence indicators.	Full	Very High	Segment-Based	Emerging	Standard
101	Digital Twin Platform	digital-twin, simulation, iot, modeling, real-time	3D & Hyperrealism + Glassmorphism	Spatial UI, Dark Mode (OLED)	Immersive Experience + Feature-Rich	3D Real-Time Monitor + Predictive	Blueprint Blue + Simulation Green + Dark	3D model rendering. Real-time sensor overlay. Predictive maintenance. Scenario simulation.	Full	Very High	Behavioral	Emerging	Standard
102	Edge Computing Management	edge-computing, distributed, iot, latency, infrastructure	Minimalism + Dark Mode (OLED)	Data-Dense, Flat Design	Feature-Rich Showcase + Trust	Geographic + Real-Time Monitor	Infrastructure Blue + Status indicators	Node health monitoring. Latency maps. Deployment management. Edge-cloud orchestration.	Advanced	Very High	Segment-Based	Emerging	Standard
103	Privacy-First Analytics Platform	privacy, analytics, cookieless, gdpr, compliance, first-party	Minimalism + Accessible & Ethical	Swiss Modernism 2.0, Flat Design	Trust & Authority + Feature-Rich	Privacy-Compliant Analytics	Trust Green + Clean White + Ethical Blue	Consent management. Data residency indicators. Compliance badges. Anonymized insights.	Moderate	Medium	Behavioral	Growing	Critical
104	Decentralized Identity (DID) Platform	decentralized-identity, did, ssi, verifiable-credentials, web3	Cyberpunk UI + Minimalism	Glassmorphism, Trust & Authority	Trust & Authority + Interactive Demo	Identity Analytics Dashboard	Blockchain Blue + Trust Green + Dark	Credential wallet. Verification flows. Privacy controls. Cross-platform identity. Zero-knowledge proofs.	Advanced	High	Behavioral	Emerging	Enhanced
105	AI-Powered Customer Support	customer-support, ai, helpdesk, ticketing, chatbot, automation	AI-Native UI + Flat Design	Minimalism, Micro-interactions	Conversion-Optimized + Demo	Support Analytics + AI Performance	Support Blue + Resolution Green + Neutral	AI resolution rate. Handoff flows. Sentiment analysis. Knowledge base integration. Escalation paths.	Full	Very High	Predictive	Growing	Enhanced
106	Robotic Process Automation (RPA)	rpa, automation, workflow, bot, process, enterprise	Flat Design + Data-Dense	Minimalism, Dark Mode (OLED)	Feature-Rich Showcase + Trust	Process Analytics + Bot Monitor	Automation Blue + Process Green + Grey	Bot status monitoring. Workflow builder. ROI calculator. Error handling. Audit trails.	Advanced	Very High	Segment-Based	Growing	Standard
107	AI-Native CRM	crm, ai, sales, customer, pipeline, relationship	AI-Native UI + Glassmorphism	Minimalism, Data-Dense	Feature-Rich Showcase + Demo	Sales Intelligence + Predictive	CRM Blue + Deal Green + Alert Orange	AI lead scoring. Predictive pipeline. Auto-enrichment. Conversation intelligence. Revenue forecasting.	Full	Very High	Hyper-Personal	Growing	Standard
108	Autonomous Vehicle Fleet Platform	autonomous-vehicle, fleet, self-driving, mobility, transport	HUD / Sci-Fi FUI + Dark Mode	3D & Hyperrealism, Real-Time	Immersive Experience + Feature-Rich	Real-Time Fleet + Safety Monitor	Safety Yellow + Route Blue + Dark	Real-time vehicle tracking. Safety metrics. Route optimization. Passenger status. Regulatory compliance.	Full	Very High	Behavioral	Emerging	Enhanced
109	Personal AI Assistant App	personal-ai, assistant, productivity, automation, agent	AI-Native UI + Soft UI Evolution	Minimalism, Glassmorphism	Minimal & Direct + Demo	Personal Analytics	Calm Purple + Neutral + Accent	Conversational interface. Task delegation. Calendar integration. Context memory. Privacy controls.	Full	Very High	Hyper-Personal	Emerging	Standard
110	AI-Powered Legal Tech	legal-tech, ai, contract, compliance, document-review	Trust & Authority + AI-Native UI	Minimalism, Accessible & Ethical	Trust & Authority + Demo	Contract Analytics + Risk	Navy + AI Purple + Trust Gold	AI contract analysis. Risk scoring. Clause extraction. Compliance monitoring. Redline automation.	Full	Very High	Predictive	Growing	Enhanced
111	Carbon Credit / Offset Marketplace	carbon-credit, offset, marketplace, sustainability, trading	Organic Biophilic + Minimalism	Trust & Authority, Data-Dense	Trust & Authority + Feature-Rich	Carbon Analytics + Trading	Forest Green + Earth Brown + Trust Blue	Credit verification. Impact tracking. Trading interface. Certification display. Blockchain provenance.	Moderate	Medium	Segment-Based	Emerging	Standard
112	AI-Powered Recruitment / HR Tech	hr-tech, ai-recruitment, talent, hiring, workforce	Flat Design + AI-Native UI	Minimalism, Vibrant & Block-based	Feature-Rich Showcase + Conversion	HR Analytics + Predictive	Professional Blue + AI Purple + Green	AI candidate matching. Bias detection. Skills assessment. Workforce planning. Diversity metrics.	Full	Very High	Predictive	Growing	Enhanced
113	No-Code / Low-Code Platform	no-code, low-code, builder, visual, automation, citizen-dev	Vibrant & Block-based + Micro-interactions	Flat Design, Glassmorphism	Interactive Product Demo + Feature-Rich	Builder Analytics + Usage	Creative Purple + Builder Blue + White	Drag-and-drop builder. Template gallery. Integration marketplace. Version control. Collaboration.	Moderate	High	Behavioral	Growing	Standard
114	Data Mesh / Data Platform	data-mesh, data-platform, lakehouse, governance, pipeline	Dark Mode (OLED) + Data-Dense	Minimalism, Flat Design	Feature-Rich Showcase + Trust	Data Lineage + Quality Monitor	Data Blue + Pipeline Green + Dark	Data lineage visualization. Quality scores. Governance policies. Catalog search. Schema evolution.	Advanced	High	Segment-Based	Emerging	Standard
115	AI-Powered Supply Chain	supply-chain, ai, logistics, procurement, inventory	Flat Design + Data-Dense	Minimalism, Dark Mode (OLED)	Feature-Rich Showcase + Trust	Supply Chain Monitor + Predictive	Logistics Blue + Alert Orange + Green	Demand forecasting. Inventory optimization. Supplier risk scoring. Route planning. Disruption alerts.	Full	Very High	Predictive	Growing	Standard
116	Telemedicine / Virtual Care	telemedicine, virtual-care, telehealth, remote-health, consultation	Accessible & Ethical + Soft UI Evolution	Minimalism, Neumorphism	Trust & Authority + Conversion	Healthcare Analytics + Video	Medical Blue + Calm Green + Trust White	Video consultation. Prescription management. AI symptom checker. Patient records. HIPAA compliance.	Advanced	High	Predictive	Growing	Critical
117	AI Writing / Content Studio	ai-writing, content, copywriting, generation, editor	AI-Native UI + Minimalism	Flat Design, Swiss Modernism 2.0	Interactive Product Demo + Feature-Rich	Content Analytics + AI Usage	Editor White + AI Purple + Accent Blue	Real-time generation. Tone controls. Brand voice. Plagiarism detection. Multi-format output.	Full	Very High	Hyper-Personal	Growing	Standard
118	Proptech / Smart Building	proptech, smart-building, facility, iot, building-management	Glassmorphism + Dark Mode (OLED)	Minimalism, Data-Dense	Feature-Rich Showcase + Demo	Building Analytics + IoT Monitor	Architecture Grey + IoT Blue + Energy Green	Floor plan visualization. Energy management. Occupancy tracking. Maintenance scheduling. Tenant portal.	Advanced	High	Behavioral	Growing	Standard
119	AI-Powered Personalization Engine	personalization, ai, recommendation, engagement, dynamic	AI-Native UI + Data-Dense	Glassmorphism, Minimalism	Interactive Product Demo + Feature-Rich	Personalization Analytics + A/B	AI Purple + Engagement Orange + Neutral	Segment visualization. A/B test results. Recommendation performance. User journey mapping. Real-time adaptation.	Full	Very High	Hyper-Personal	Growing	Standard
120	Embedded Finance / BaaS	embedded-finance, baas, banking-as-service, api, fintech	Minimalism + Trust & Authority	Glassmorphism, Flat Design	Feature-Rich Showcase + Trust	API Analytics + Financial	Fintech Blue + Trust Green + API Grey	API documentation. Integration guides. Transaction monitoring. Compliance dashboard. Developer portal.	Advanced	High	Segment-Based	Emerging	Enhanced
121	AI-Powered Design Tool	ai-design, generative-design, creative-tool, automation	AI-Native UI + Motion-Driven	Glassmorphism, Vibrant & Block-based	Interactive Product Demo + Feature-Rich	Design Analytics + AI Usage	Creative Purple + Canvas White + AI Blue	AI generation controls. Style transfer. Brand consistency. Asset management. Collaboration.	Full	Very High	Predictive	Growing	Standard
122	Robotics Control Platform	robotics, automation, manufacturing, control, industrial	HUD / Sci-Fi FUI + Dark Mode	Data-Dense, Real-Time Monitor	Feature-Rich Showcase + Trust	Real-Time Robot Monitor + Safety	Industrial Orange + Safety Yellow + Dark	Robot status. Safety zones. Task queues. Maintenance alerts. 3D workspace visualization.	Full	Very High	Segment-Based	Emerging	Enhanced
123	Compliance / RegTech Platform	regtech, compliance, regulation, audit, governance	Trust & Authority + Minimalism	Accessible & Ethical, Data-Dense	Trust & Authority + Feature-Rich	Compliance Monitor + Risk	Compliance Navy + Alert Red + Trust Green	Regulatory tracking. Audit trails. Risk scoring. Policy management. AI compliance monitoring.	Advanced	High	Segment-Based	Growing	Enhanced
124	AI-Powered Education / Adaptive Learning	adaptive-learning, ai-tutor, personalized-education, edtech	Claymorphism + AI-Native UI	Vibrant & Block-based, Micro-interactions	Feature-Rich Showcase + Demo	Learning Analytics + AI Tutor	Learning Purple + Progress Green + Playful	Adaptive difficulty. Knowledge graphs. AI tutor interface. Progress visualization. Skill mapping.	Full	Very High	Hyper-Personal	Emerging	Enhanced
125	Wealth Management / Robo-Advisor	wealth, robo-advisor, investment, portfolio, fintech	Glassmorphism + Minimalism	Dark Mode (OLED), Trust & Authority	Trust & Authority + Feature-Rich	Portfolio Analytics + Predictive	Wealth Navy + Gold + Trust Green	Portfolio visualization. Risk assessment. AI recommendations. Goal tracking. Tax optimization.	Full	Very High	Predictive	Growing	Enhanced
126	Developer API Marketplace	api-marketplace, developer, integration, saas, platform	Dark Mode (OLED) + Minimalism	Flat Design, Bento Box Grid	Feature-Rich Showcase + Documentation	API Usage Analytics + Health	API Blue + Code Dark + Success Green	API catalog. Interactive docs. Sandbox testing. Usage metrics. Pricing tiers. SDK downloads.	Moderate	Medium	Segment-Based	Growing	Standard
127	AI-Powered Video Editing	ai-video, editing, content-creation, automation, media	Dark Mode (OLED) + AI-Native UI	Motion-Driven, Glassmorphism	Interactive Product Demo + Feature-Rich	Media Analytics + AI Processing	Editor Dark + AI Purple + Timeline Blue	Timeline interface. AI scene detection. Auto-captioning. Style transfer. Export optimization.	Full	Very High	Predictive	Growing	Standard
128	Federated Learning Platform	federated-learning, privacy, ml, distributed, ai	Dark Mode (OLED) + Data-Dense	Minimalism, Cyberpunk UI	Trust & Authority + Feature-Rich	Model Analytics + Privacy Monitor	Privacy Green + Neural Blue + Dark	Model performance. Privacy metrics. Node participation. Training progress. Data governance.	Full	Very High	Segment-Based	Emerging	Enhanced
129	Mental Wellness for Enterprise	employee-wellness, mental-health, hr, corporate, burnout	Soft UI Evolution + Accessible & Ethical	Minimalism, Neumorphism	Trust & Authority + Social Proof	Wellness Analytics + Engagement	Calm Teal + Warm Neutral + Trust Blue	Anonymous usage. Burnout indicators. Resource library. Manager dashboards. ROI metrics.	Moderate	Medium	Behavioral	Growing	Critical
130	AI-Powered Pricing Engine	pricing, ai, dynamic, revenue, optimization	AI-Native UI + Data-Dense	Minimalism, Glassmorphism	Feature-Rich Showcase + Demo	Pricing Analytics + Predictive	Revenue Green + Data Blue + Alert Orange	Price elasticity visualization. Competitor tracking. A/B pricing. Revenue impact. Market signals.	Full	Very High	Predictive	Emerging	Standard
131	Circular Economy Marketplace	circular-economy, resale, refurbish, sustainability, reuse	Organic Biophilic + Vibrant & Block-based	Flat Design, Trust & Authority	Feature-Rich Showcase + Trust	Sustainability Analytics	Earth Green + Recycle Blue + Warm Brown	Product lifecycle tracking. Condition grading. Environmental impact. Seller verification. Repair guides.	Moderate	Medium	Behavioral	Emerging	Standard
132	AI Governance / Model Registry	ai-governance, mlops, model-registry, responsible-ai, bias	Trust & Authority + Dark Mode (OLED)	Data-Dense, Minimalism	Trust & Authority + Feature-Rich	Model Monitor + Bias Detection	Governance Navy + Ethical Purple + Alert	Model cards. Bias metrics. Drift detection. Approval workflows. Audit logs. Fairness scores.	Full	High	Segment-Based	Emerging	Enhanced
133	Agentic Workflow Builder	agentic, workflow, ai-agent, automation, no-code, orchestration	AI-Native UI + Vibrant & Block-based	Glassmorphism, Motion-Driven	Interactive Product Demo + Feature-Rich	Agent Performance + Flow Monitor	Agent Purple + Flow Blue + Success Green	Visual agent builder. Tool integration. Execution logs. Cost tracking. Human-in-the-loop controls.	Full	Very High	Predictive	Emerging	Standard
134	AI-Native Search Engine	ai-search, semantic, vector, retrieval, knowledge	AI-Native UI + Minimalism	Flat Design, Swiss Modernism 2.0	Minimal & Direct + Demo	Search Analytics + Relevance	Search Blue + Result White + AI Purple	Semantic understanding. Source attribution. Conversational refinement. Citation display. Speed metrics.	Full	Very High	Hyper-Personal	Emerging	Standard
135	Tokenized Real-World Assets (RWA)	rwa, tokenization, blockchain, real-estate, assets	Glassmorphism + Trust & Authority	Dark Mode (OLED), Cyberpunk UI	Trust & Authority + Feature-Rich	Asset Analytics + Trading	Asset Gold + Blockchain Blue + Trust Navy	Asset verification. Fractional ownership. Compliance display. Yield tracking. Liquidity indicators.	Advanced	High	Segment-Based	Emerging	Enhanced
136	AI-Powered Accessibility Tool	accessibility, ai, wcag, inclusive, assistive-tech	Accessible & Ethical + AI-Native UI	Minimalism, Flat Design	Trust & Authority + Demo	Accessibility Analytics + Compliance	Accessible Blue + High Contrast + Green	WCAG scoring. Auto-remediation. Screen reader optimization. Color contrast analysis. Compliance reports.	Full	Very High	Behavioral	Emerging	Critical
137	Predictive Maintenance Platform	predictive-maintenance, iot, industrial, manufacturing, ai	Data-Dense + Dark Mode (OLED)	HUD / Sci-Fi FUI, Minimalism	Feature-Rich Showcase + Trust	Equipment Monitor + Predictive	Industrial Blue + Alert Orange + Status Green	Equipment health scores. Failure probability. Maintenance scheduling. Cost avoidance metrics. Sensor data.	Full	Very High	Segment-Based	Growing	Standard
138	Creator AI Studio	creator-ai, content-generation, multi-modal, studio, creative	AI-Native UI + Motion-Driven	Vibrant & Block-based, Dark Mode (OLED)	Interactive Product Demo + Feature-Rich	Creation Analytics + AI Usage	Creative Gradient + AI Purple + Canvas White	Multi-modal generation. Brand consistency. Asset library. Collaboration. Publishing pipeline.	Full	Very High	Hyper-Personal	Growing	Standard
139	Sovereign Cloud / Data Residency	sovereign-cloud, data-residency, compliance, government, privacy	Trust & Authority + Minimalism	Accessible & Ethical, Flat Design	Trust & Authority + Feature-Rich	Infrastructure Monitor + Compliance	Sovereign Blue + Compliance Green + Grey	Data residency maps. Compliance certifications. Jurisdiction indicators. Encryption status. Audit trails.	Moderate	Medium	Segment-Based	Emerging	Critical
140	AI-Powered Sales Intelligence	sales-intelligence, ai, prospecting, revenue, pipeline	AI-Native UI + Glassmorphism	Data-Dense, Minimalism	Feature-Rich Showcase + Demo	Sales Analytics + Predictive	Sales Blue + Revenue Green + AI Purple	Lead scoring. Intent signals. Conversation intelligence. Pipeline forecasting. Competitive insights.	Full	Very High	Predictive	Growing	Standard
141	Neurotech / Brain-Computer Interface	neurotech, bci, brain, neural, cognitive, interface	Holographic / HUD + Biomimetic	Dark Mode (OLED), 3D & Hyperrealism	Immersive Experience + Research	Neural Data + Real-Time Monitor	Neural Blue + Synaptic Purple + Dark	Brain signal visualization. Real-time neural data. Calibration flows. Safety indicators. Research-grade accuracy.	Full	High	Behavioral	Emerging	Enhanced
142	AI-Powered Fraud Detection	fraud-detection, ai, security, risk, financial, compliance	Cyberpunk UI + Data-Dense	Dark Mode (OLED), Trust & Authority	Trust & Authority + Real-Time	Fraud Monitor + Risk Heat Map	Alert Red + Trust Blue + Dark	Transaction scoring. Pattern visualization. Real-time alerts. Investigation tools. False positive management.	Full	Very High	Predictive	Growing	Standard
143	Composable Commerce Platform	composable-commerce, headless, mach, api-first, ecommerce	Minimalism + Flat Design	Bento Box Grid, Dark Mode (OLED)	Feature-Rich Showcase + Documentation	Commerce Analytics + API Health	Commerce Blue + API Green + Neutral	Architecture visualization. API health. Integration marketplace. Performance metrics. A/B testing.	Moderate	High	Segment-Based	Emerging	Standard
144	AI Copilot for Enterprise	enterprise-ai, copilot, productivity, automation, knowledge	AI-Native UI + Minimalism	Glassmorphism, Soft UI Evolution	Interactive Product Demo + Trust	Enterprise Analytics + AI Usage	Enterprise Blue + AI Purple + Trust Grey	Context-aware suggestions. Knowledge retrieval. Workflow automation. Usage analytics. Security controls.	Full	Very High	Hyper-Personal	Growing	Enhanced
145	Emotion AI / Affective Computing	emotion-ai, sentiment, affective, biometric, experience	Biomimetic / Organic 2.0 + AI-Native	Glassmorphism, Motion-Driven	Interactive Demo + Research	Emotion Analytics + Real-Time	Warm Spectrum + Neural Purple + Calm	Emotion visualization. Real-time sentiment. Ethical consent. Privacy controls. Calibration interface.	Full	High	Behavioral	Emerging	Enhanced
