STT	Style Category	Type	Keywords	Primary Colors	Secondary Colors	Effects & Animation	Best For	Do Not Use For	Light Mode ✓	Dark Mode ✓	Performance	Accessibility	Mobile-Friendly	Conversion-Focused	Framework Compatibility	Era/Origin	Complexity	AI Compatibility	Agent-Ready
1	Minimalism & Swiss Style	General	Clean, simple, spacious, functional, white space, high contrast, geometric, sans-serif, grid-based, essential	Monochromatic, Black #000000, White #FFFFFF	Neutral (Beige #F5F1E8, Grey #808080, Taupe #B38B6D), Primary accent	Subtle hover (200-250ms), smooth transitions, sharp shadows if any, clear type hierarchy, fast loading	Enterprise apps, dashboards, documentation, SaaS platforms, professional tools, AI interfaces	Creative portfolios, entertainment, playful brands, artistic experiments	✓ Full	✓ Full	⚡ Excellent	✓ WCAG AAA	✓ High	◐ Medium	Tailwind 10/10, Bootstrap 9/10, MUI 9/10	1950s Swiss + 2020s	Low	High — clean structure ideal for AI content injection	Yes — minimal chrome suits agent UIs
2	Neumorphism	General	Soft UI, embossed, debossed, convex, concave, light source, subtle depth, rounded (12-16px), monochromatic	Light pastels: Soft Blue #C8E0F4, Soft Pink #F5E0E8, Soft Grey #E8E8E8	Tints/shades (±30%), gradient subtlety, color harmony	Soft box-shadow (multiple: -5px -5px 15px, 5px 5px 15px), smooth press (150ms), inner subtle shadow	Health/wellness apps, meditation platforms, fitness trackers, minimal interaction UIs	Complex apps, critical accessibility, data-heavy dashboards, high-contrast required	✓ Full	◐ Partial	⚡ Good	⚠ Low contrast risk	✓ Good	◐ Medium	Tailwind 8/10, CSS-in-JS 9/10	2020s Modern	Medium	Medium — works for form-heavy AI interfaces	Partial — soft aesthetic may conflict with agent status indicators
3	Glassmorphism	General	Frosted glass, transparent, blurred background, layered, vibrant background, light source, depth, multi-layer	Translucent white: rgba(255,255,255,0.1-0.3)	Vibrant: Electric Blue #0080FF, Neon Purple #8B00FF, Vivid Pink #FF1493, Teal #20B2AA	Backdrop blur (10-20px), subtle border (1px solid rgba white 0.2), light reflection, Z-depth layering	Modern SaaS, financial dashboards, high-end corporate, lifestyle apps, modal overlays, spatial computing	Low-contrast backgrounds, critical accessibility, performance-limited devices	✓ Full	✓ Full	⚠ Good (GPU required)	⚠ Ensure 4.5:1 contrast	✓ Good	✓ High	Tailwind 9/10, MUI 8/10, Chakra 8/10	2020s Modern	Medium	High — layered depth works for AI overlays and contextual panels	Yes — glass panels suit floating agent suggestions
4	Brutalism	General	Raw, unpolished, stark, high contrast, plain text, system fonts, visible borders, asymmetric, anti-design	Primary: Red #FF0000, Blue #0000FF, Yellow #FFFF00, Black #000000, White #FFFFFF	Limited: Neon Green #00FF00, Hot Pink #FF00FF, minimal secondary	No smooth transitions (instant), sharp corners (0px), bold typography (700+), visible grid, large blocks	Design portfolios, artistic projects, counter-culture brands, editorial/media, tech blogs	Corporate environments, conservative industries, customer-facing professional	✓ Full	✓ Full	⚡ Excellent	✓ WCAG AAA (inherent)	◐ Medium	✗ Low	Tailwind 10/10, Bootstrap 7/10	1950s Brutalist + 2020s	Low	Low — raw aesthetic conflicts with polished AI interfaces	No — too raw for agent interactions
5	3D & Hyperrealism	General	Depth, realistic textures, 3D models, spatial navigation, tactile, skeuomorphic, rich detail, immersive, WebGPU	Deep Navy #001F3F, Forest Green #228B22, Burgundy #800020, Gold #FFD700, Silver #C0C0C0	Complex gradients (5-10 stops), realistic lighting, shadow variations (20-40% darker)	WebGL/WebGPU/Three.js 3D, realistic shadows, physics lighting, parallax (3-5 layers), smooth 3D (300-400ms)	Gaming, product showcase, immersive experiences, high-end e-commerce, architectural viz, digital twins	Low-end mobile, performance-limited, critical accessibility, data tables/forms	◐ Partial	◐ Partial	❌ Heavy (GPU intensive)	⚠ Not accessible	✗ Low	◐ Medium	Three.js 10/10, R3F 10/10, Babylon.js 10/10	2020s Modern	High	Medium — useful for digital twins and spatial AI visualization	Partial — 3D environments can host spatial agents
6	Vibrant & Block-based	General	Bold, energetic, playful, block layout, geometric shapes, high color contrast, duotone, modern, scroll-snap	Neon Green #39FF14, Electric Purple #BF00FF, Vivid Pink #FF1493, Bright Cyan #00FFFF, Sunburst #FFAA00	Complementary: Orange #FF7F00, Shocking Pink #FF006E, Lime #CCFF00, triadic schemes	Large sections (48px+ gaps), animated patterns, bold hover (color shift), scroll-snap, large type (32px+)	Startups, creative agencies, gaming, social media, youth-focused, entertainment, consumer apps	Financial institutions, healthcare, formal business, government, conservative, elderly	✓ Full	✓ Full	⚡ Good	◐ Ensure WCAG AA	✓ High	✓ High	Tailwind 10/10, Chakra 9/10, Styled 9/10	2020s Modern	Medium	Medium — bold sections work for AI feature showcases	Partial — vibrant blocks suit AI comparison views
7	Dark Mode (OLED)	General	Dark theme, low light, high contrast, deep black, midnight blue, eye-friendly, OLED, power efficient	Deep Black #000000, Dark Grey #121212, Midnight Blue #0A0E27	Vibrant accents: Neon Green #39FF14, Electric Blue #0080FF, Gold #FFD700, Plasma Purple #BF00FF	Minimal glow (text-shadow: 0 0 10px), dark-to-light transitions, high readability, visible focus states	Night-mode apps, coding platforms, entertainment, OLED devices, AI dashboards, monitoring	Print-first content, high-brightness outdoor, color-accuracy-critical	✗ No	✓ Only	⚡ Excellent	✓ WCAG AAA	✓ High	◐ Medium	Tailwind 10/10, MUI 10/10, Chakra 10/10	2020s Modern	Low	High — dark mode is standard for AI dashboards and code tools	Yes — dark mode is default for agent monitoring
8	Accessible & Ethical	General	High contrast, large text (16px+), keyboard navigation, screen reader, WCAG AAA, focus state, semantic, voice nav	WCAG AAA (7:1+ min), simple primary, clear secondary, high luminosity	Symbol-based colors (not color-only), supporting patterns, inclusive combinations	Clear focus rings (3-4px), ARIA labels, skip links, reduced motion, 48x48px touch targets, voice navigation	Government, healthcare, education, inclusive products, legal compliance, public services	None — accessibility is universal	✓ Full	✓ Full	⚡ Excellent	✓ WCAG AAA	✓ High	✓ High	All frameworks 10/10	Universal	Low	Very High — essential for AI accessibility tools and inclusive AI	Yes — accessible patterns are mandatory for all agents
9	Claymorphism	General	Soft 3D, chunky, playful, toy-like, bubbly, thick borders (3-4px), double shadows, rounded (16-24px)	Pastel: Soft Peach #FDBCB4, Baby Blue #ADD8E6, Mint #98FF98, Lilac #E6E6FA	Soft gradients (pastel-to-pastel), light/dark variations (20-30%)	Inner+outer shadows, soft press (200ms ease-out), fluffy elements, smooth bounce transitions	Educational apps, children's apps, creative tools, onboarding, casual games, AI tutoring	Formal corporate, professional services, data-critical, medical, legal, finance	✓ Full	◐ Partial	⚡ Good	⚠ Ensure 4.5:1	✓ High	✓ High	Tailwind 9/10, CSS-in-JS 9/10	2020s Modern	Medium	Medium — playful style suits AI onboarding and gamified learning	Partial — works for educational AI agents
10	Aurora UI	General	Vibrant gradients, smooth blend, Northern Lights, mesh gradient, luminous, atmospheric, iridescent	Complementary: Blue-Orange, Purple-Yellow, Electric Blue #0080FF, Magenta #FF1493, Cyan #00FFFF	Smooth transitions (Blue→Purple→Pink→Teal), iridescent effects, blend modes (screen, multiply)	Large flowing CSS/SVG gradients, subtle 8-12s animations, depth via color layering, smooth morph	Modern SaaS, creative agencies, branding, music platforms, lifestyle, premium products, hero sections	Data-heavy dashboards, critical accessibility, content-heavy where distraction issues	✓ Full	✓ Full	⚠ Good (GPU compositing)	⚠ Text contrast over gradients	✓ Good	✓ High	Tailwind 9/10, CSS-in-JS 10/10	2020s Modern	Medium	Medium — gradient backgrounds work for AI creative tools	Partial — aurora effects suit immersive AI experiences
11	Retro-Futurism	General	Vintage sci-fi, 80s aesthetic, neon glow, CRT scanlines, pixel art, cyberpunk, synthwave, vaporwave	Neon Blue #0080FF, Hot Pink #FF006E, Cyan #00FFFF, Deep Black #1A1A2E, Purple #5D34D0	Metallic Silver #C0C0C0, Gold #FFD700, duotone, neon accents	CRT scanlines (::before overlay), neon glow (text-shadow+box-shadow), glitch effects (skew/offset)	Gaming, entertainment, music platforms, tech brands, artistic projects, cyberpunk themes	Conservative industries, critical accessibility, professional/corporate, elderly	✓ Full	✓ Dark focused	⚠ Moderate	⚠ High contrast strain	◐ Medium	◐ Medium	Tailwind 8/10, CSS-in-JS 9/10	1980s Retro + 2020s	Medium	Low — niche aesthetic; limited AI integration	No — too stylized for standard agents
12	Flat Design	General	2D, minimalist, bold colors, no shadows, clean lines, simple shapes, typography-focused, icon-heavy	Solid bright: Red, Orange, Blue, Green, limited palette (4-6 max)	Complementary colors, muted secondaries, high saturation, clean accents	No gradients/shadows, simple hover (color/opacity shift), fast loading, clean transitions (150-200ms)	Web apps, mobile apps, cross-platform, startup MVPs, SaaS, dashboards, corporate	Complex 3D, premium/luxury, artistic portfolios, immersive experiences	✓ Full	✓ Full	⚡ Excellent	✓ WCAG AAA	✓ High	✓ High	Tailwind 10/10, Bootstrap 10/10, MUI 9/10	2010s Modern	Low	High — clean flat structure ideal for AI-generated layouts	Yes — flat design is efficient for agent interfaces
13	Skeuomorphism	General	Realistic, texture, depth, real-world metaphors, shadows, gradients, tactile, detailed, material	Rich realistic: wood, leather, metal colors, detailed gradients (8-12 stops)	Realistic lighting gradients, shadow variations (30-50% darker), texture overlays	Realistic shadows (layers), depth (perspective), texture details (noise, grain), tactile animations (300-500ms)	Legacy apps, gaming, immersive storytelling, premium products, luxury, realistic simulations	Modern enterprise, critical accessibility, low-performance, web (use Flat/Modern)	◐ Partial	◐ Partial	❌ Heavy	⚠ Textures reduce readability	✗ Low	◐ Medium	CSS-in-JS 7/10, Custom 8/10	2007-2012 iOS	High	Low — heavy visual style conflicts with dynamic AI content	No — too heavy for agent interfaces
14	Liquid Glass	General	Flowing glass, morphing, smooth transitions, fluid effects, translucent, animated blur, iridescent, chromatic	Vibrant iridescent (rainbow spectrum), translucent base with opacity shifts	Chromatic aberration (Red-Cyan), iridescent oil-spill, fluid gradient blends, holographic	Morphing elements (SVG/CSS), fluid animations (400-600ms), dynamic blur (backdrop-filter), color transitions	Premium SaaS, high-end e-commerce, creative platforms, branding, luxury portfolios	Performance-limited, critical accessibility, complex data, budget projects	✓ Full	✓ Full	⚠ Moderate (GPU required)	⚠ Text contrast over effects	◐ Medium	✓ High	Framer Motion 10/10, GSAP 10/10	2020s Modern	High	Medium — premium feel for AI product configurators	Partial — liquid effects suit premium AI experiences
15	Motion-Driven	General	Animation-heavy, microinteractions, scroll effects, parallax, entrance animations, page transitions, View Transitions	Bold colors emphasize movement, high contrast animated, dynamic gradients	Transitional states: success #22C55E, error #EF4444, neutral feedback	Scroll anim (Intersection Observer), View Transitions API, parallax (3-5 layers), GPU accelerated	Portfolio sites, storytelling, interactive experiences, entertainment, creative, SaaS landing	Data dashboards, critical accessibility, low-power devices, content-heavy, motion-sensitive	✓ Full	✓ Full	⚠ Good	⚠ Prefers-reduced-motion required	✓ Good	✓ High	GSAP 10/10, Framer Motion 10/10	2020s Modern	High	Medium — animations enhance AI reveal moments and loading states	Partial — motion suits agent transition states
16	Micro-interactions	General	Small animations, gesture-based, tactile feedback, subtle, contextual, responsive, haptic, state feedback	Subtle color shifts (10-20%), feedback: Green #22C55E, Red #EF4444, Amber #F59E0B	Accent feedback, neutral supporting, clear action indicators	Small hover (50-100ms), skeleton loading, success/error states, gesture-triggered, haptic API	Mobile apps, touchscreen UIs, productivity tools, consumer apps, AI interfaces	Desktop-only, critical performance, accessibility-first (alternatives needed)	✓ Full	✓ Full	⚡ Excellent	✓ Good	✓ High	✓ High	Framer Motion 10/10, React Spring 9/10	2020s Modern	Medium	Very High — micro-interactions essential for AI feedback loops and streaming	Yes — agent status indicators rely on micro-interactions
17	Inclusive Design	General	Accessible, color-blind friendly, high contrast, haptic, voice interaction, screen reader, WCAG AAA, universal	WCAG AAA (7:1+ contrast), avoid red-green only, symbol-based indicators	Supporting patterns (stripes, dots, hatch), symbols, non-color indicators	Haptic feedback, voice guidance, focus indicators (4px+ ring), motion options, semantic HTML	Public services, education, healthcare, finance, government, accessible consumer	None — accessibility is universal	✓ Full	✓ Full	⚡ Excellent	✓ WCAG AAA	✓ High	✓ High	All frameworks 10/10	Universal	Low	Very High — foundational for AI accessibility tools	Yes — inclusive patterns mandatory for all agents
18	Zero Interface	General	Minimal visible UI, voice-first, gesture-based, AI-driven, invisible controls, predictive, context-aware, ambient	Neutral backgrounds: Soft white #FAFAFA, light grey #F0F0F0, warm off-white #F5F1E8	Subtle feedback: light green, light red, minimal UI elements, soft accents	Voice recognition UI, gesture detection, AI predictions (smooth reveal), progressive disclosure, popover API	Voice assistants, AI platforms, smart home, contextual computing, ambient experiences, agent-first	Complex workflows, data-entry heavy, traditional systems, legacy support	✓ Full	✓ Full	⚡ Excellent	✓ Excellent	✓ High	✓ High	Tailwind 10/10, Custom 10/10	2020s AI-Era	Low	Essential — this IS the AI-native interface pattern	Yes — designed for agent-first interactions
19	Soft UI Evolution	General	Evolved soft UI, better contrast, modern aesthetics, subtle depth, accessibility-focused, improved shadows	Improved contrast pastels: Soft Blue #87CEEB, Soft Pink #FFB6C1, Soft Green #90EE90	Better combinations, accessible secondary, modern accents, color-mix() palette	Improved shadows (softer than flat, clearer than neumorphism), modern (200-300ms), WCAG AA+	Modern enterprise, SaaS, health/wellness, professional tools, hybrid apps	Extreme minimalism, critical performance, systems without modern CSS	✓ Full	✓ Full	⚡ Excellent	✓ WCAG AA+	✓ High	✓ High	Tailwind 9/10, MUI 9/10, Chakra 9/10	2020s Modern	Medium	High — calm aesthetic works for AI wellness and enterprise tools	Yes — soft UI suits calm agent interfaces
20	Hero-Centric Design	Landing Page	Large hero section, compelling headline, high-contrast CTA, product showcase, value proposition, hero image/video	Brand primary, white/light backgrounds for contrast, accent color for CTA	Supporting colors for secondary CTAs, accent highlights, trust elements	Smooth scroll reveal, fade-in on hero, subtle background parallax, CTA glow/pulse, View Transitions	SaaS landing pages, product launches, service pages, B2B platforms, tech companies	Complex navigation, multi-page experiences, data-heavy applications	✓ Full	✓ Full	⚡ Good	✓ WCAG AA	✓ Full	✓ Very High	Tailwind 10/10, Bootstrap 9/10	2020s Modern	Medium	High — hero sections can showcase AI capabilities dynamically	Partial — hero can introduce agent capabilities
21	Conversion-Optimized	Landing Page	Form-focused, single CTA focus, high contrast, urgency, trust signals, social proof, A/B testable	Primary brand, high-contrast backgrounds, urgency colors for time-limited offers	Secondary CTA (muted), trust element colors, accent for key benefits	Hover states on CTA (color shift, scale), form focus animations, loading spinner, success feedback	E-commerce, free trial signups, lead generation, SaaS pricing, limited-time offers	Complex feature explanations, multi-product showcases, technical documentation	✓ Full	✓ Full	⚡ Excellent	✓ WCAG AA	✓ Full (mobile-optimized)	✓ Very High	Tailwind 10/10, Bootstrap 9/10	2020s Modern	Medium	High — AI can dynamically optimize CTAs and pricing	Yes — agents can personalize conversion elements
22	Feature-Rich Showcase	Landing Page	Multiple feature sections, grid layout, benefit cards, visual demonstrations, interactive elements, problem-solution	Primary brand, bright secondary for feature cards, contrasting accent for CTAs	Benefits (green), problems (red/orange), features (blue/purple), social proof (neutral)	Card hover effects (lift/scale), icon animations on scroll, feature toggle, smooth section transitions	Enterprise SaaS, software tools, platform services, complex product explanations, B2B	Simple product pages, early-stage startups with few features, entertainment	✓ Full	✓ Full	⚡ Good	✓ WCAG AA	✓ Good	✓ High	Tailwind 10/10, MUI 9/10	2020s Modern	Medium	High — feature grids can be AI-generated and personalized	Yes — agents can highlight relevant features per user
23	Minimal & Direct	Landing Page	Minimal text, white space heavy, single column, direct messaging, clean typography, visual-centric, fast	Monochromatic primary, white background, single accent for CTA, dark text	Minimal secondary, reserved for critical CTAs only, neutral supporting	Very subtle hover, minimal animations, fast page load, smooth scroll	Simple service pages, indie products, consulting, micro SaaS, freelancer portfolios	Feature-heavy products, complex explanations, multi-product showcases	✓ Full	✓ Full	⚡ Excellent	✓ WCAG AAA	✓ Full	✓ High	Tailwind 10/10, Bootstrap 9/10	2020s Modern	Low	High — minimal structure ideal for AI-generated content	Yes — clean layout suits single-purpose agents
24	Social Proof-Focused	Landing Page	Testimonials prominent, client logos, case studies, reviews/ratings, user avatars, success metrics, credibility	Primary brand, trust colors (blue), success/growth (green), neutral backgrounds	Testimonial highlights, logo grid backgrounds, badge/achievement colors	Testimonial carousel, logo grid fade-in, stat counter animations, review star ratings, structured data	B2B SaaS, professional services, premium products, e-commerce conversion, established brands	Startup MVPs, products without users, niche/experimental products	✓ Full	✓ Full	⚡ Good	✓ WCAG AA	✓ Full	✓ High	Tailwind 10/10, Framer Motion 9/10	2020s Modern	Medium	High — AI can curate and personalize social proof per visitor	Yes — agents can surface relevant testimonials
25	Interactive Product Demo	Landing Page	Embedded product mockup/video, interactive elements, walkthrough, step-by-step, hover-to-reveal, embedded demos	Primary brand, interface colors matching product, demo highlight colors	Product UI colors, tutorial step colors, hover state indicators	Product animation playback, step progression, hover reveal effects, smooth zoom on interaction	SaaS platforms, tool/software products, productivity apps, developer tools	Simple services, consulting, non-digital products, complexity-averse audiences	✓ Full	✓ Full	⚠ Good (video/interactive)	✓ WCAG AA	✓ Good	✓ Very High	Tailwind 10/10, Framer Motion 10/10	2020s Modern	Medium	Very High — AI can personalize demo flows based on user context	Yes — agents can guide interactive demos
26	Trust & Authority	Landing Page	Certificates/badges, expert credentials, case studies with metrics, before/after, industry recognition, security	Professional (blue/grey), trust colors, certification badge colors (gold/silver)	Certificate highlights, metric showcase, comparison highlight (success green)	Badge hover effects, metric pulse animations, certificate carousel, smooth stat reveal	Healthcare, financial services, enterprise software, premium/luxury, legal services	Casual products, entertainment, viral/social-first products	✓ Full	✓ Full	⚡ Excellent	✓ WCAG AAA	✓ Full	✓ High	Tailwind 10/10, Bootstrap 9/10	2020s Modern	Medium	Medium — trust signals essential for enterprise AI adoption	Yes — agents need trust indicators for credibility
27	Storytelling-Driven	Landing Page	Narrative flow, visual story progression, section transitions, emotional messaging, journey visualization, scroll-driven	Brand primary, warm/emotional colors, varied accent per story section	Story section color coding, emotional state colors, transitional gradients	Section-to-section animations, scroll-triggered reveals, scroll-timeline API, morphing transitions	Brand stories, mission-driven products, premium/lifestyle, documentary-style, educational	Technical/complex products (unless narrative), traditional enterprise software	✓ Full	✓ Full	⚠ Moderate (animations)	✓ WCAG AA	✓ Good	✓ High	GSAP 10/10, Framer Motion 10/10	2020s Modern	High	Medium — narrative flow works for AI-powered personalized stories	Partial — agents can adapt story based on user context
28	Data-Dense Dashboard	BI/Analytics	Multiple charts/widgets, data tables, KPI cards, minimal padding, grid layout, space-efficient, maximum data	Neutral primary (#F5F5F5), data colors (blue/green/red), dark text #333333	Chart: success #22C55E, warning #F59E0B, alert #EF4444, neutral grey	Hover tooltips, chart zoom, row highlighting, smooth filter animations, skeleton loading, virtual scrolling	Business intelligence, financial analytics, enterprise reporting, operational dashboards, AI monitoring	Marketing dashboards, consumer-facing analytics, simple reporting	✓ Full	✓ Full	⚡ Excellent	✓ WCAG AA	◐ Medium	✗ Not applicable	Recharts 10/10, Chart.js 9/10, D3 10/10	2020s Modern	Medium	Very High — data-dense layouts essential for AI analytics and model monitoring	Yes — agents need dense data views for decision support
29	Heat Map & Heatmap Style	BI/Analytics	Color-coded grid/matrix, data intensity, geographical heat maps, correlation matrices, gradient coloring	Gradient: Cool blue #0080FF to hot red #FF0000, neutral middle (white/yellow)	Divergent for positive/negative, monochromatic options, sequential scales	Color gradient transitions, cell highlighting on hover, tooltip reveal, smooth color animation	Geographical analysis, performance matrices, correlation analysis, user behavior, AI attention maps	Linear data, categorical comparisons (use bar charts), small datasets	✓ Full	✓ Full (adjusted)	⚡ Excellent	⚠ Colorblind considerations	◐ Medium	✗ Not applicable	D3 10/10, Recharts 9/10	2020s Modern	Medium	High — heat maps visualize AI model attention and feature importance	Yes — agents use heat maps for anomaly detection
30	Executive Dashboard	BI/Analytics	High-level KPIs, large key metrics, minimal detail, summary view, trend indicators, at-a-glance insights	Brand colors, professional (blue/grey/white), accent for KPIs, red for alerts	KPI highlight: positive (green), negative (red), neutral (grey), trend arrows	KPI value animations (count-up), trend arrow animations, metric card hover lift, alert pulse	C-suite dashboards, business summary, decision-maker views, strategic planning, AI executive briefs	Detailed analyst dashboards, technical deep-dives, operational monitoring	✓ Full	✓ Full	⚡ Excellent	✓ WCAG AA	◐ Medium	✗ Not applicable	Recharts 9/10, Chart.js 9/10	2020s Modern	Low	High — AI can generate executive summaries and highlight anomalies	Yes — agents surface key insights for executives
31	Real-Time Monitoring	BI/Analytics	Live data updates, status indicators, alert notifications, streaming data, active monitoring, WebSocket	Alert: critical #FF0000, warning #FFA500, normal #22C55E, updating (blue animation)	Status indicator colors, chart line colors, streaming data highlights	Real-time chart animations, alert pulse/glow, status blink, smooth data stream, WebSocket integration	System monitoring, DevOps, real-time analytics, stock market, live event tracking, AI model monitoring	Historical analysis, long-term trend reports, archived data	✓ Full	✓ Full	⚡ Good (real-time load)	✓ WCAG AA	◐ Medium	✗ Not applicable	Recharts 9/10, D3 10/10, Custom 10/10	2020s Modern	Medium	Very High — real-time monitoring is core for AI system health and agent orchestration	Yes — agents require real-time status monitoring
32	Drill-Down Analytics	BI/Analytics	Hierarchical data exploration, expandable sections, interactive drill-down, summary-to-detail, context preservation	Primary brand, breadcrumb colors, drill-level indicators, hierarchy depth colors	Drill-down path indicators, level-specific colors, highlight for selected level	Drill-down expand animations, breadcrumb transitions, smooth detail reveal, data reload animation	Sales analytics, product analytics, funnel analysis, multi-dimensional exploration, AI model debugging	Simple linear data, single-metric dashboards, streaming real-time	✓ Full	✓ Full	⚡ Good	✓ WCAG AA	◐ Medium	✗ Not applicable	Recharts 9/10, D3 10/10	2020s Modern	Medium	High — drill-down patterns essential for AI model explainability	Yes — agents use drill-down for root cause analysis
33	Comparative Analysis	BI/Analytics	Side-by-side comparisons, period-over-period, A/B test results, regional comparisons, benchmarks	Comparison: primary (blue), comparison (orange/purple), delta (green/red)	Winning (green), losing (red), neutral (grey), benchmark colors	Comparison bar animations, delta indicators, highlight on compare, smooth transitions	Period-over-period, A/B test dashboards, market comparison, competitive analysis, AI model comparison	Single metric dashboards, future projections, real-time only	✓ Full	✓ Full	⚡ Excellent	✓ WCAG AA	◐ Medium	✗ Not applicable	Recharts 9/10, Chart.js 9/10	2020s Modern	Medium	High — essential for AI A/B testing and model version comparison	Yes — agents compare model performance metrics
34	Predictive Analytics	BI/Analytics	Forecast lines, confidence intervals, trend projections, scenario modeling, AI-driven insights, anomaly detection	Forecast line (distinct from actual), confidence interval shading, anomaly highlight (red)	High confidence (dark), low confidence (light), anomaly (red/orange), normal trend (green/blue)	Forecast line animation, confidence band fade-in, anomaly pulse alert, smoothing animations	Forecasting dashboards, anomaly detection, trend prediction, AI-powered analytics, budget planning	Historical-only dashboards, simple reporting, real-time operational	✓ Full	✓ Full	⚠ Good (computation)	✓ WCAG AA	◐ Medium	✗ Not applicable	D3 10/10, Recharts 9/10	2020s Modern	Medium	Essential — predictive analytics IS AI visualization; confidence intervals and uncertainty display	Yes — agents generate and explain predictions
35	User Behavior Analytics	BI/Analytics	Funnel visualization, user flow diagrams, conversion tracking, engagement metrics, journey mapping, cohort	Funnel: high engagement (green), drop-off (red), conversion (blue), flow arrows (grey)	Stage completion (success), abandonment (warning), engagement levels (gradient), cohort colors	Funnel animation (fill-down), flow diagram animations, conversion pulse, engagement bar fill	Conversion funnel, user journey tracking, engagement analytics, cohort analysis, AI personalization	Real-time operational metrics, technical monitoring, financial transactions	✓ Full	✓ Full	⚡ Good	✓ WCAG AA	✓ Good	✗ Not applicable	Recharts 9/10, D3 10/10	2020s Modern	Medium	Very High — user behavior data drives AI personalization engines	Yes — agents optimize funnels based on behavior data
36	Financial Dashboard	BI/Analytics	Revenue metrics, profit/loss, budget tracking, financial ratios, portfolio, cash flow, audit trail	Financial: profit #22C55E, loss #EF4444, neutral grey, trust dark blue #003366	Revenue (green), expenses (red), budget variance (orange), balance (grey), accuracy (blue)	Number animations (count-up), trend indicators, percentage change, profit/loss color transitions	Financial reporting, accounting, portfolio tracking, budget monitoring, banking analytics, AI risk	Simple business dashboards, entertainment/social metrics, non-financial data	✓ Full	✓ Full	⚡ Excellent	✓ WCAG AAA	✗ Low	✗ Not applicable	Recharts 9/10, Chart.js 9/10	2020s Modern	Medium	High — AI fraud detection and risk scoring integrate with financial dashboards	Yes — agents monitor financial anomalies in real-time
37	Sales Intelligence	BI/Analytics	Deal pipeline, sales metrics, territory performance, leaderboard, win-loss, quota tracking, forecast	Sales: won (green), lost (red), in-progress (blue), blocked (orange), quota met (gold)	Pipeline stage colors, rep performance, quota achievement, forecast accuracy colors	Deal movement animations, metric updates, leaderboard changes, gauge movements, status highlights	CRM dashboards, sales management, opportunity tracking, performance management, AI lead scoring	Marketing analytics, customer support metrics, HR dashboards	✓ Full	✓ Full	⚡ Good	✓ WCAG AA	◐ Medium	✗ Not applicable	Recharts 9/10, Chart.js 9/10	2020s Modern	Medium	Very High — AI lead scoring and pipeline prediction are core sales intelligence features	Yes — agents prioritize deals and suggest next actions
38	Neubrutalism	General	Bold borders, black outlines, primary colors, thick shadows, no gradients, flat, playful, Gen Z, ugly-cute	Pop Yellow #FFDB58, Bright Red #FF6B6B, Teal #4ECDC4, Black #000000	Lavender #CBA6F7, Mint #76E0C2, limited accent	Hard hover shifts (4px), marquee scrolling, jitter animations, bold borders 3px+, hard shadow 5px 5px 0	Gen Z brands, startups, creative agencies, design tools, personal blogs, developer tools	Banking, legal, healthcare, serious enterprise, elderly users, luxury	✓ Full	✓ Full	⚡ Excellent	✓ WCAG AAA	✓ High	✓ High	Tailwind 10/10, Plain CSS 10/10	2020s Modern	Low	Medium — bold style works for AI tool landing pages	Partial — works for developer-focused AI agents
39	Bento Box Grid	General	Modular cards, asymmetric grid, varied sizes (1x1, 2x1, 2x2, 3x1), Apple-style, dashboard tiles, clean hierarchy	Neutral base + brand accent, #FFFFFF, #F5F5F7, brand primary	Subtle gradients, shadow variations, accent highlights, subgrid for alignment	Grid with varied spans, rounded-xl (16-24px), subtle shadows, hover scale (1.02), container queries	Dashboards, product pages, portfolios, Apple-style marketing, feature showcases, SaaS, AI platforms	Dense data tables, text-heavy content, real-time monitoring	✓ Full	✓ Full	⚡ Excellent	✓ WCAG AA	✓ High	✓ High	Tailwind 10/10, CSS Grid 10/10	2020s Apple/Linear	Low	High — modular grid perfect for AI-generated content blocks	Yes — agents can populate bento cards dynamically
40	Y2K Aesthetic	General	Neon pink, chrome, metallic, bubblegum, iridescent, glossy, retro-futurism, 2000s, futuristic nostalgia	Hot Pink #FF69B4, Cyan #00FFFF, Silver #C0C0C0, Purple #9400D3	Metallic gradients, glossy overlays, iridescent effects, chrome textures	Linear-gradient metallic, glossy buttons, 3D chrome effects, glow animations, bubble shapes	Fashion brands, music platforms, Gen Z brands, nostalgia marketing, entertainment	B2B enterprise, healthcare, finance, conservative industries, elderly	✓ Full	◐ Partial	⚠ Good	⚠ Check contrast	✓ Good	✓ High	Tailwind 8/10, CSS-in-JS 9/10	Y2K 2000s	Medium	Low — niche aesthetic with limited AI integration	No — too stylized for standard agents
41	Cyberpunk UI	General	Neon, dark mode, terminal, HUD, sci-fi, glitch, dystopian, matrix, tech noir, threat visualization	Matrix Green #00FF00, Magenta #FF00FF, Cyan #00FFFF, Dark #0D0D0D	Neon gradients, scanline overlays, glitch colors, terminal green accents	Neon glow (text-shadow), glitch animations, scanlines (::before), terminal fonts, angular clip-path	Gaming, tech products, crypto, sci-fi, developer tools, cybersecurity, fraud detection	Corporate enterprise, healthcare, family apps, conservative brands, elderly	✗ No	✓ Only	⚠ Moderate	⚠ Limited (dark+neon)	◐ Medium	◐ Medium	Tailwind 8/10, Custom CSS 10/10	2020s Cyberpunk	Medium	High — cyberpunk aesthetic natural for security AI and threat detection	Yes — agents in security/monitoring contexts
42	Organic Biophilic	General	Nature, organic shapes, green, sustainable, rounded, flowing, wellness, earthy, natural textures, low-carbon	Forest Green #228B22, Earth Brown #8B4513, Sky Blue #87CEEB, Beige #F5F5DC	Natural gradients, earth tones, sky blues, organic textures, wood/stone colors	Rounded corners (16-24px), organic curves, natural shadows, flowing SVG shapes, gentle sway 4-6s	Wellness apps, sustainability brands, eco products, health, meditation, organic food, climate tech	Tech-focused products, gaming, industrial, urban brands	✓ Full	✓ Full	⚡ Excellent	✓ WCAG AA	✓ High	✓ High	Tailwind 10/10, CSS 10/10	2020s Sustainable	Low	Medium — natural aesthetic for sustainability AI and wellness	Partial — works for eco-focused AI agents
43	AI-Native UI	General	Chatbot, conversational, voice, assistant, agentic, ambient, minimal chrome, streaming text, agent workflows	Neutral + AI Purple #6366F1, Success #10B981, Background #F5F5F5	Status indicators, streaming highlights, context card colors, confidence score colors	Typing indicators (3-dot pulse), streaming text, pulse animations, context cards, tool-use visualization	AI products, chatbots, voice assistants, copilots, AI-powered tools, agent orchestration, conversational	Traditional forms, data-heavy dashboards, print-first content	✓ Full	✓ Full	⚡ Excellent	✓ WCAG AA	✓ High	✓ High	Tailwind 10/10, React 10/10	2020s AI-Era	Low	Essential — this IS the AI interface pattern; streaming, agents, confidence, citations	Yes — designed specifically for agent-first interactions
44	Memphis Design	General	80s, geometric, playful, postmodern, shapes, patterns, squiggles, triangles, neon, abstract, bold	Hot Pink #FF71CE, Yellow #FFCE5C, Teal #86CCCA, Blue Purple #6A7BB4	Complementary geometric colors, pattern fills, contrasting accent shapes	transform: rotate(), clip-path: polygon(), mix-blend-mode, repeating patterns, bold shapes	Creative agencies, music sites, youth brands, event promotion, artistic portfolios	Corporate finance, healthcare, legal, elderly users, conservative brands	✓ Full	✓ Full	⚡ Excellent	⚠ Check contrast	✓ Good	◐ Medium	Tailwind 9/10, CSS 10/10	1980s Postmodern	Medium	Low — decorative style with limited AI integration	No — too decorative for agent interfaces
45	Vaporwave	General	Synthwave, retro-futuristic, 80s-90s, neon, glitch, nostalgic, sunset gradient, dreamy, aesthetic	Pink #FF71CE, Cyan #01CDFE, Mint #05FFA1, Purple #B967FF	Sunset gradients, glitch overlays, VHS effects, neon accents, pastel variations	Text-shadow glow, linear-gradient, filter: hue-rotate(), glitch animations, retro scan lines	Music platforms, gaming, creative portfolios, tech startups, entertainment	Business apps, e-commerce, education, healthcare, enterprise software	✓ Full	✓ Dark focused	⚠ Moderate	⚠ Poor (motion heavy)	◐ Medium	◐ Medium	Tailwind 8/10, CSS-in-JS 9/10	1980s-90s Retro	Medium	Low — niche aesthetic with limited AI integration	No — too stylized for agents
46	Dimensional Layering	General	Depth, overlapping, z-index, layers, 3D, shadows, elevation, floating, cards, spatial hierarchy	Neutral base (#FFFFFF, #F5F5F5, #E0E0E0) + brand accent	Shadow variations (sm/md/lg/xl), elevation colors, highlight for top layers	Z-index stacking, box-shadow elevation (4 levels), transform: translateZ(), backdrop-filter, parallax	Dashboards, card layouts, modals, navigation, product showcases, SaaS, AI overlay panels	Print-style layouts, simple blogs, low-end devices, flat design requirements	✓ Full	✓ Full	⚠ Good	⚠ Moderate (SR issues)	✓ Good	✓ High	Tailwind 10/10, MUI 10/10, Chakra 10/10	2020s Modern	Medium	High — layered depth works for AI contextual overlays and floating panels	Yes — agents use layered panels for suggestions
47	Exaggerated Minimalism	General	Bold minimalism, oversized typography, high contrast, negative space, loud minimal, statement design	Black #000000, White #FFFFFF, single vibrant accent only	Minimal — single accent, no secondary, extreme restraint	font-size: clamp(3rem, 10vw, 12rem), font-weight: 900, letter-spacing: -0.05em, massive whitespace	Fashion, architecture, portfolios, agency landing pages, luxury brands, editorial	E-commerce catalogs, dashboards, forms, data-heavy, elderly users, complex apps	✓ Full	✓ Full	⚡ Excellent	✓ WCAG AA	✓ High	✓ High	Tailwind 10/10, Typography.js 10/10	2020s Modern	Low	Medium — bold typography works for AI-generated headlines and statements	Partial — works for single-purpose agent landing pages
48	Kinetic Typography	General	Motion text, animated type, moving letters, dynamic, typing effect, morphing, scroll-triggered text	Flexible — high contrast recommended, bold colors for emphasis	Accent for emphasis, transition colors, gradient text fills	@keyframes text animation, typing effect, background-clip: text, GSAP ScrollTrigger, split text	Hero sections, marketing sites, video platforms, storytelling, creative portfolios	Long-form content, accessibility-critical, data interfaces, forms, elderly	✓ Full	✓ Full	⚠ Moderate	❌ Poor (motion heavy)	✓ Good	✓ Very High	GSAP 10/10, Framer Motion 10/10	2020s Modern	High	Medium — kinetic text works for AI streaming text effects	Partial — typing effects suit AI response visualization
49	Parallax Storytelling	General	Scroll-driven, narrative, layered scrolling, immersive, progressive disclosure, cinematic, scroll-timeline	Story-dependent, gradients and natural colors, section-specific palettes	Section transition colors, depth layer colors, narrative mood colors	transform: translateY(scroll), position: sticky, scroll-timeline API, scroll-triggered animations	Brand storytelling, product launches, case studies, portfolios, annual reports	E-commerce, dashboards, mobile-first, SEO-critical, accessibility-required	✓ Full	✓ Full	❌ Heavy	❌ Poor (motion)	✗ Low	✓ High	GSAP ScrollTrigger 10/10, Locomotive Scroll 10/10	2020s Modern	High	Low — heavy scroll effects conflict with AI content dynamism	No — too rigid for dynamic agent content
50	Swiss Modernism 2.0	General	Grid system, Helvetica, modular, asymmetric, international style, rational, clean, mathematical spacing	Black #000000, White #FFFFFF, #F5F5F5, single vibrant accent	Minimal secondary, accent for emphasis only, no gradients	display: grid, repeat(12, 1fr), gap: 1rem, mathematical ratios, clear hierarchy, fluid typography	Corporate sites, architecture, editorial, SaaS, museums, professional services, documentation	Playful brands, children's sites, entertainment, gaming, emotional storytelling	✓ Full	✓ Full	⚡ Excellent	✓ WCAG AAA	✓ High	✓ High	Tailwind 10/10, Bootstrap 9/10, Foundation 10/10	1950s Swiss + 2020s	Low	Medium — structured grid works for AI-generated reports and data presentations	Yes — grid structure suits structured agent outputs
51	HUD / Sci-Fi FUI	General	Futuristic, technical, wireframe, neon, data, transparency, sci-fi, interface, telemetry, real-time	Neon Cyan #00FFFF, Holographic Blue #0080FF, Alert Red #FF0000	Transparent Black, Grid Lines #333333, status indicator colors	Glow effects, scanning animations, ticker text, blinking markers, fine line drawing, SVG markers	Sci-fi games, space tech, cybersecurity, drone fleet, immersive dashboards, autonomous systems	Standard corporate, reading heavy, accessible public services	✓ Low	✓ Full	⚠ Moderate (renders)	⚠ Poor (thin lines)	◐ Medium	✗ Low	React 9/10, Canvas 10/10, D3 10/10	2010s Sci-Fi + 2020s	High	High — HUD natural for AI monitoring, drone control, and autonomous system telemetry	Yes — agents in monitoring/control contexts
52	Pixel Art	General	Retro, 8-bit, 16-bit, gaming, blocky, nostalgic, pixelated, arcade, limited palette	Primary colors (NES Palette), brights, limited palette (16-32)	Black outlines, shading via dithering or block colors	Frame-by-frame sprite animation, blinking cursor, instant transitions, marquee text	Indie games, retro tools, creative portfolios, nostalgia marketing, NFT collections	Professional corporate, modern SaaS, high-res photography	✓ Full	✓ Full	⚡ Excellent	✓ Good (if contrast ok)	✓ High	◐ Medium	CSS (box-shadow) 8/10, Canvas 10/10	1980s Arcade	Medium	Low — niche aesthetic with limited AI integration	No — too stylized for agents
53	Spatial UI (VisionOS)	General	Glass, depth, immersion, spatial, translucent, gaze, gesture, apple, vision-pro, mixed reality, XR	Frosted Glass #FFFFFF (15-30% opacity), System White	Vibrant system colors for active states, deep shadows for depth	Parallax depth, dynamic lighting, gaze-hover effects, smooth scale on focus, hand tracking affordances	Spatial computing, VR/AR interfaces, immersive media, futuristic dashboards, mixed reality AI	Text-heavy documents, high-contrast requirements, non-3D capable devices	✓ Full	✓ Full	⚠ Moderate (blur cost)	⚠ Contrast risks	✓ High (adapted)	✓ High	SwiftUI 10/10, R3F 10/10	2024 Spatial Era	High	High — spatial UI is the future of AI interaction in mixed reality	Yes — spatial agents interact in 3D space
54	E-Ink / Paper	General	Paper-like, matte, high contrast, texture, reading, calm, slow tech, monochrome, low-energy	Off-White #FDFBF7, Paper White #F5F5F5, Ink Black #1A1A1A	Pencil Grey #4A4A4A, Highlighter Yellow #FFFF00 (accent only)	No motion blur, distinct page turns, grain/noise texture, sharp transitions, print-optimized	Reading apps, digital newspapers, journals, distraction-free writing, documentation, AI reports	Gaming, video platforms, high-energy marketing, dark mode dependent	✓ Full	✗ Low (inverted only)	⚡ Excellent	✓ WCAG AAA	✓ High	✓ Medium	Tailwind 10/10, CSS 10/10	2020s Digital Well-being	Low	Medium — clean reading for AI-generated long-form content and reports	Partial — works for document-focused AI agents
55	Gen Z Chaos / Maximalism	General	Chaos, clutter, stickers, raw, collage, mixed media, loud, internet culture, ironic, anti-design	Clashing Brights: #FF00FF, #00FF00, #FFFF00, #0000FF	Gradients, rainbow, glitch, noise, heavily saturated mix	Marquee scrolls, jitter, sticker layering, GIF overload, random placement, drag-and-drop	Gen Z lifestyle brands, music artists, creative portfolios, viral marketing, fashion	Corporate, government, healthcare, banking, serious tools, elderly	✓ Full	✓ Full	⚠ Poor (heavy assets)	❌ Poor	◐ Medium	✓ High (Viral)	CSS-in-JS 8/10, Custom 10/10	2023+ Internet Core	High	Low — chaotic aesthetic conflicts with structured AI output	No — too chaotic for agent interfaces
56	Biomimetic / Organic 2.0	General	Nature-inspired, cellular, fluid, breathing, generative, algorithms, life-like, neural, biological	Cellular Pink #FF9999, Chlorophyll Green #00FF41, Bioluminescent Blue	Deep Ocean #001E3C, Coral #FF7F50, Organic gradients	Breathing animations, fluid morphing, generative growth, physics-based movement	Sustainability tech, biotech, advanced health, meditation, generative art, neurotech	Standard SaaS, data grids, strict corporate, accounting	✓ Full	✓ Full	⚠ Moderate	✓ Good	✓ Good	✓ High	Canvas 10/10, WebGL 10/10	2024+ Generative	High	High — biological visualization for health AI, biotech, and neural interfaces	Yes — agents in biotech/health contexts
57	Holographic / Iridescent	General	Rainbow, prismatic, metallic sheen, light-reactive, 3D depth illusion, futuristic premium, chromatic	Prismatic spectrum, Silver base #C0C0C0, Gold base #FFD700	Rainbow gradient shifts, metallic overlays, chromatic aberration accents	conic-gradient with animated angle, hue-rotate 3-5s, brightness/contrast filters, metallic sheen	Space tech, quantum computing, spatial computing, luxury tech, premium AI products, futuristic	Budget projects, accessibility-critical, text-heavy, conservative industries	✓ Full	✓ Full	⚠ Moderate (GPU)	⚠ Shifting colors challenge contrast	◐ Medium	✓ High	Tailwind 9/10, CSS-in-JS 10/10	2024+ Futuristic	Medium	Medium — holographic effects for premium AI products and spatial interfaces	Partial — works for futuristic AI product showcases
58	Data-Dense General	General	Information-heavy, compact layouts, small multiples, sparklines, heat maps, KPI cards, power user, analyst	Neutral primary (#F5F5F5), data colors (blue/green/red/amber), dark text #333333	Chart colors: success #22C55E, warning #F59E0B, alert #EF4444, info #3B82F6	Hover tooltips, sortable tables, sparklines (inline SVG), virtual scrolling, skeleton loading	AI analytics, model monitoring, business intelligence, operational dashboards, data platforms	Consumer-facing, marketing, simple reporting, entertainment	✓ Full	✓ Full	⚡ Excellent	✓ WCAG AA	◐ Medium	✗ Not applicable	Recharts 10/10, D3 10/10, AG Grid 10/10	2020s Modern	Medium	Very High — data-dense is THE pattern for AI model monitoring and analytics	Yes — agents need dense data views for analysis
59	Agentic Interface	General	Agent workflows, tool-use visualization, chain-of-thought, human-in-the-loop, multi-agent, orchestration	AI Purple #6366F1, Agent Blue #3B82F6, Success #10B981, Background #FAFAFA	Status: active (blue pulse), idle (grey), error (red), thinking (amber pulse), tool-use (purple)	Agent status indicators, workflow graph animations, token counter, thinking pulse, tool execution viz	AI agent platforms, orchestration dashboards, copilot interfaces, multi-agent systems, workflow builders	Traditional forms, static content, non-AI products	✓ Full	✓ Full	⚡ Excellent	✓ WCAG AA	✓ High	✓ High	Tailwind 10/10, React 10/10, D3 9/10	2025+ Agent Era	Medium	Essential — purpose-built for AI agent orchestration and monitoring	Yes — this IS the agent interface pattern
60	Conversational UI	General	Chat interface, message bubbles, typing indicators, voice waveforms, conversation threads, context panels	Neutral background #F5F5F5, User bubble #3B82F6, AI bubble #F3F4F6, accent #6366F1	Typing indicator (grey dots), voice waveform (blue), error (red), success (green)	Typing indicator pulse, message slide-in (200ms), voice waveform animation, smooth scroll-to-bottom	Chatbots, AI assistants, customer support, conversational commerce, voice AI platforms	Data dashboards, e-commerce catalogs, documentation, portfolio sites	✓ Full	✓ Full	⚡ Excellent	✓ WCAG AA	✓ High	✓ High	Tailwind 10/10, React 10/10	2020s AI-Era	Low	Essential — conversational UI is the primary AI interaction pattern	Yes — agents communicate through conversational interfaces
61	Privacy-First	General	Consent management, data transparency, anonymization indicators, compliance badges, trust signals, GDPR	Trust Green #22C55E, Ethical Blue #3B82F6, Clean White #FFFFFF	Compliance badge colors (gold/green), warning (amber), blocked (red), anonymized (grey)	Consent banner animations, privacy toggle transitions, data flow visualization, compliance badge hover	Privacy analytics, GDPR tools, consent platforms, data governance, sovereign cloud, compliance	Entertainment, gaming, social media, creative portfolios	✓ Full	✓ Full	⚡ Excellent	✓ WCAG AAA	✓ High	✓ High	Tailwind 10/10, All frameworks 10/10	2024+ Privacy Era	Low	High — privacy-first design essential for responsible AI deployment	Yes — agents must respect and display privacy controls
62	Streaming Response	General	Token-by-token display, progressive rendering, thinking states, confidence indicators, source citations	Background #FAFAFA, Streaming text #1A1A1A, Citation #6366F1, Confidence gradient	Thinking amber #F59E0B, High confidence green, Low confidence red, Source link blue	Token append animation (30-50ms), thinking pulse, confidence bar fill, citation popover, skeleton loading	AI chat interfaces, code generation, content studios, search engines, AI writing tools	Static content, traditional forms, non-AI products	✓ Full	✓ Full	⚡ Excellent	✓ WCAG AA	✓ High	✓ High	React 10/10, Tailwind 10/10	2025+ AI-Era	Medium	Essential — streaming response IS the core AI output pattern	Yes — agents stream responses token-by-token
63	Dashboard Composition	General	Widget-based, drag-and-drop, customizable layout, resizable panels, saved views, role-based dashboards	Neutral base #F5F5F5, Widget borders #E5E7EB, Active widget #3B82F6	Widget type colors: chart (blue), table (grey), KPI (green), alert (red), AI insight (purple)	Widget drag animation, resize handles, snap-to-grid, smooth layout transitions, skeleton loading	Customizable dashboards, analytics platforms, admin panels, AI monitoring, enterprise tools	Simple landing pages, marketing sites, consumer apps	✓ Full	✓ Full	⚡ Good	✓ WCAG AA	◐ Medium	✗ Not applicable	React-Grid-Layout 10/10, Tailwind 10/10	2020s Modern	Medium	Very High — composable dashboards let users build custom AI monitoring views	Yes — agents can suggest and auto-compose dashboard layouts
